SMILES,bp
O=[N+]([O-])c1ccc(Cl)c([N+](=O)[O-])c1,588.15
ClCCCl,356.65
Clc1ccc(Cl)c(Cl)c1,485.93
O=CCCl,358.15
OCCCl,400.93
Oc1cc(Cl)ccc1Cl,484.26
OCCO,470.76
CC=O,294.26
CC(=O)C(C)O,421.15
O=C1OCC(F)O1,483.15
COC(=O)OCCOC(=O)OC,493.15
CC(C)=O,329.26
O=Cc1ccccc1,452.04
c1ccccc1,353.26
O=C(O)c1ccccc1,522.04
OCc1ccccc1,478.15
CCCC=O,348.15
CC(O)C(C)O,455.15
CCCCO,390.87
CCCC(=O)O,436.65
NCCCCCN,452.15
O=CO,373.87
Oc1ccccc1O,518.15
O=C(O)CCl,462.04
O=c1ccc2ccccc2o1,570.93
CC(C)c1ccc(C=O)cc1,508.65
Cc1ccccc1O,464.26
Cc1cccc(O)c1,475.93
CCCCCCCC,398.76
CCCCCCCC(=O)O,512.87
CC(C)[N+](=O)[O-],393.43
c1cncc(C2CCCN2)c1,533.15
CCCCCCCC=O,444.15
CCC=O,322.04
c1ccc2c(c1)oc1ccccc12,560.37
CC(=O)C(C)=O,360.93
CNC,280.54
NCCO,443.15
CCO,351.65
II,458.15
CS,279.09
CC(=O)C=O,345.37
c1ccc2ccccc2c1,490.93
CN(C)c1ccccc1,467.04
CCCCCCCCO,468.15
Oc1ccccc1,455.37
CC(O)CO,461.37
CCCO,370.37
CCC(=O)O,413.87
c1ccncc1,388.15
C1CCSC1,394.27
Cc1ccccc1,383.76
CN(C)C,276.04
c1ccc(-c2ccccn2)nc1,546.65
CC(N)Cc1ccc2c(c1)OCO2,430.15
N#CCCN,458.15
Cc1cc(O)ccc1Cl,508.15
CCCCCCCCCc1ccc(O)cc1,590.15
c1ccc(N=Nc2ccccc2)cc1,565.93
NC(=O)c1ccccc1,563.15
CC12CCC(CC1=O)C2(C)C,477.04
Cc1ccc(O)cc1,474.93
c1ccc2c(c1)sc1ccccc12,605.65
BrCBr,370.15
CCCCOC(=O)c1ccccc1C(=O)OCCCC,613.15
N#Cc1c(Cl)cccc1Cl,543.15
O=C(c1ccccc1)c1ccccc1,579.04
CCCC(CCC)C(=O)O,493.15
FC(F)OC(F)(F)C(F)Cl,329.82
CCOCC,307.76
C=CCc1ccc(O)c(OC)c1,527.04
FC(F)(F)C(Cl)Br,323.37
CC(C)O,355.65
Cc1cccc(CN2CCN(C(c3ccccc3)c3ccc(Cl)cc3)CC2)c1,503.15
COc1cc(CCN)cc(OC)c1OC,453.15
C=C(C)C(=O)O,435.93
COC(F)(F)C(Cl)Cl,377.76
COC(=O)c1ccccc1O,495.37
C=CCc1cc(OC)c2c(c1)OCO2,549.65
CCS(=O)CCSP(=O)(OC)OC,379.26
Oc1ccc(Cl)cc1,493.15
Clc1ccc(Cl)cc1,447.04
C1CNCCN1,419.26
O=C(O)CF,438.15
C=CCCCCCCCCC(=O)O,548.15
O=C(O)c1cc(Cl)ccc1Cl,574.26
CCN(CC)N=O,450.37
ClC(Cl)(Cl)Cl,349.87
C=CCN=C=S,424.26
CCCCCC=O,400.93
ClC(Cl)Cl,334.82
ClC(Cl)(Cl)C(Cl)(Cl)Cl,459.93
CCCCCO,410.93
CC(Cl)(Cl)Cl,347.26
CCl,248.93
CCBr,311.54
ClCBr,340.92999999999995
CCC,231.04
C#CC,249.82
CCCl,285.42999999999995
C=CCl,259.26
CCI,345.15
CCN,289.76
CCS,307.54
ClCCl,312.92999999999995
ClC(Cl)Br,360.37
CC(C)C,261.37
CC(C)Cl,308.89
CC(C)N,305.54
CC(C)S,325.71
CC(Cl)Cl,330.42999999999995
C=C(Cl)Cl,304.87
CC(=O)Cl,324.04
C=C(F)F,187.04
FC(Cl)Cl,282.04
FC(F)Cl,232.65
FC(F)F,191.15
IC(I)I,490.93
C[N+](=O)[O-],374.37
CC1CO1,307.38
FC(F)(Br)Br,297.59
ClC(Cl)(Cl)Br,378.15
CC(C)(C)N,317.54
CC(C)(C)O,355.37
CC(F)(F)Cl,264.04999999999995
FC(Cl)(Cl)Cl,296.87
FC(F)(Cl)Cl,243.37
FC(F)(F)Cl,192.04
C[Si](C)(C)C,299.75
C[Si](C)(C)Cl,330.37
C[Si](C)(Cl)Cl,343.15
C[Si](Cl)(Cl)Cl,339.82
ClC(Cl)(Br)CBr,468.15
CCC(C)(C)C,322.87
CC(C)(C)CO,387.15
CCC(C)(C)O,375.55
O=CC(Cl)(Cl)Cl,370.93
FC(F)(F)CCl,279.25
C=C[Si](Cl)(Cl)Cl,363.76
CC(=O)C(C)(C)C,379.25
CC(Cl)(Cl)C(=O)O,463.15
ClC(Cl)C(Cl)(Cl)Cl,435.37
O=C(Cl)C(Cl)(Cl)Cl,390.93
FC(F)(Cl)C(Cl)(Cl)Cl,364.82
FC(Cl)(Cl)C(F)(Cl)Cl,365.93
FC(F)(Cl)C(F)(Cl)Cl,320.87
FC(F)(Cl)C(F)(F)Cl,276.92999999999995
FC(F)(F)C(F)(F)Cl,234.26
FC(F)(F)C(F)(F)F,195.05
C1=CC2C3C=CC(C3)C2C1,445.37
CCOC(=O)CC(O)(CC(=O)OCC)C(=O)OCC,567.15
CCO[Si](OCC)(OCC)OCC,442.04
CC1=CC(=O)CC(C)(C)C1,488.37
CCC(C)Br,364.54
CCC(C)C,300.92999999999995
C=CC(=C)C,307.22
CC(C)C#N,377.04
CC(C)CO,380.37
CC(C)C=O,337.04
C=C(C)C=O,341.54999999999995
C=C(Cl)CCl,367.04
CC(N)CN,393.65
CCC(C)O,372.59
CCC(C)=O,352.76
C=CC(C)=O,354.82
CC(=O)CCl,393.15
CCC(Cl)Cl,361.26
ClCC(Cl)Cl,385.93
ClC=C(Cl)Cl,360.37
O=CC(Cl)Cl,360.93
O=C(Cl)CCl,378.15
NC(=O)CCl,498.15
COC(C)=O,330.04
CC(=O)OO,378.15
COC(=O)Cl,344.26
CC[N+](=O)[O-],388.15
CC(C)C(C)C,331.15
CC(C)C(=O)O,427.04
ClC(Cl)C(Cl)Cl,419.26
FC(F)=C(F)Cl,245.37
O=C(O)C(Cl)Cl,467.04
C=C1C2CCC(C2)C1(C)C,427.59
CCC(C)(C)c1ccc(O)cc1,535.65
CC1=CCC2CC1C2(C)C,429.37
C=C(C)C(=O)OC,374.15
Cc1cccc(C)c1[N+](=O)[O-],498.15
c1cc2c3c(cccc3c1)CC2,552.04
Cc1cccc([N+](=O)[O-])c1C,518.15
O=C1C(=O)c2ccccc2-c2ccccc21,633.15
CCOC(=O)c1ccccc1C(=O)OCC,570.93
O=[N+]([O-])c1ccccc1-c1ccccc1,593.15
O=[N+]([O-])c1cccc2ccccc12,577.04
CC(C)COC(=O)c1ccccc1O,534.15
CCOC(=O)c1ccccc1N,540.93
COc1c(Cl)cc(Cl)cc1Cl,514.15
Cc1c(N)cccc1Cl,518.15
Cc1cccc(C)c1N,487.04
CCN(CC)C(=O)Cl,459.15
CC(=O)c1cccs1,486.15
CC(C)(C)c1ccccc1O,496.15
Cc1ccc(C(C)(C)C)c(O)c1,497.15
CC(C)c1ccccc1O,487.15
Cc1ccccc1[N+](=O)[O-],494.87
O=[N+]([O-])c1ccccc1Cl,519.26
O=[N+]([O-])c1cc(Cl)ccc1Cl,540.15
CC1CCC(C(C)C)C(=O)C1,483.15
O=Cc1ccccc1Cl,485.04
O=Cc1ccccc1O,469.82
COc1ccccc1N,498.15
Clc1cccc2ccccc12,535.93
Nc1ccccc1-c1ccccc1,572.04
Oc1ccccc1-c1ccccc1,548.15
COc1ccccc1OC,479.15
C1CCC2CCCCC2C1,468.15
c1ccc2ncccc2c1,510.93
Clc1ccc2ccccc2c1,529.26
Nc1ccc2ccccc2c1,579.26
Cc1ccc2ncccc2c1,531.76
Cc1ccc2ccccc2n1,520.76
CCN(CC)c1ccccc1,488.65
Brc1ccc(-c2ccccc2)cc1,583.15
c1ccc2c(c1)Nc1ccccc1S2,644.26
COc1ccc2ccccc2c1,547.15
C=CCc1ccc(OC)c(OC)c1,527.87
CCOc1ccc2ccccc2c1,555.15
CCCc1ccc2c(c1)OCO2,501.15
CCCC(O)C(CC)CO,517.3499999999999
C1=Cc2ccccc2C1,454.82
Cc1ccccc1Br,454.26
Cc1ccccc1Cl,432.12
Clc1ccccc1Cl,453.65
Cc1ccccc1F,387.15
Cc1ccc(C)c(C)c1,441.15
Cc1ccc(N)cc1C,500.93
Cc1ccc(O)cc1C,498.15
Cc1ccc(N)c(C)c1,487.04
Cc1cc(Cl)ccc1N,514.26
Cc1cc(N)ccc1N,546.65
Nc1ccc(Cl)c(Cl)c1,545.37
Oc1ccc(Cl)c(Cl)c1,526.65
Cc1ccc(C)c(N)c1,487.04
Cc1ccc(Cl)cc1N,510.15
Cc1ccc(N)cc1N,565.37
Nc1cc(Cl)ccc1Cl,524.26
Cc1ccc(C)c(O)c1,485.37
CCOC(=O)C(=O)OCC,458.85
Cc1cc(C)c(C)cc1C,469.93
C=CCOC(=O)C(=C)C,423.15
c1ccc(C2CO2)cc1,467.04
ClCC(Br)CBr,469.26
CCC(C)CC,336.42
ClCC(Cl)CCl,429.26
ClC=C(Cl)CCl,415.15
CCC(=O)CC,375.37
OC(CCl)CCl,447.04
CCC(C)=NO,425.37
C=CC(=O)OC,353.65
COC(=O)CCl,403.15
CC1CCCC1,344.92999999999995
OC1CCCC1,413.55
CCc1ccc(O)c(C(C)(C)C)c1,523.15
C=C(C)C(=O)OCC,390.37
CCOC(=O)C(C)O,427.04
CC(C)C(=O)OC(=O)C(C)C,454.65
CC(CCN(C)C)N(C)C,438.15
CC(C)COC(=O)C(C)C,421.87
C=C(C)C(=O)OCC(C)C,428.15
CCC(CC)CO,418.15
OCC1CCCO1,451.15
OCc1ccco1,443.15
O=Cc1ccco1,434.87
CC(C)(C)c1ccccc1,442.25
ClC(Cl)(Cl)c1ccccc1,493.93
Cl[Si](Cl)(Cl)c1ccccc1,474.82
Nc1cccc(C(F)(F)F)c1,460.65
O=[N+]([O-])c1cccc(C(F)(F)F)c1,475.93
Cc1ccc(C(C)(C)C)cc1,465.93
CC(C)(C)c1ccc(O)cc1,512.65
CC(C)c1ccccc1,425.54
C=C(C)c1ccccc1,438.54
CC(N)c1ccccc1,461.65
ClC(Cl)c1ccccc1,478.15
O=C(Cl)c1ccccc1,470.37
CN(C)C1CCCCC1,435.15
O=[N+]([O-])c1ccccc1,483.93
Cc1cccc(C(=O)O)c1,535.37
Cc1cccc([N+](=O)[O-])c1,505.76
Cc1cc(C)cc([N+](=O)[O-])c1,524.26
Cc1ccc([N+](=O)[O-])cc1C,527.04
CC(C)c1cccc(C(C)C)c1,476.35
O=[N+]([O-])c1cccc([N+](=O)[O-])c1,564.26
COC(=O)c1ccc(C)cc1,490.37
COC(=O)c1ccc(O)cc1,543.65
CC1CCC(C(C)C)CC1,444.05
Cc1ccc(C(C)C)cc1,450.37
CC(=O)c1ccc(Cl)cc1,510.15
Cc1ccc(N(C)C)cc1,484.15
CN(C)c1ccc(N)cc1,535.37
Cc1ccc([N+](=O)[O-])cc1,511.43
O=[N+]([O-])c1ccc(Cl)cc1,515.37
COc1ccc(C(C)=O)cc1,527.15
COc1ccc(C(=O)Cl)cc1,535.37
CC(C)c1ccc(C(C)C)cc1,483.45
CN(C)c1ccc(N(C)C)cc1,533.15
O=[N+]([O-])c1ccc([N+](=O)[O-])cc1,572.15
CCN(CC)CCO,435.93
C=CC1CC=CCC1,401.15
CCc1ccccc1,409.37
ClCc1ccccc1,452.04
NCc1ccccc1,457.65
N#Cc1ccccc1,463.87
CNc1ccccc1,469.43
COc1ccccc1,428.65
C=Cc1ccccn1,432.65
O=NN1CCCCC1,490.37
C=Cc1cccc(C)c1,443.15
COC(=O)Cc1ccccc1,488.15
Brc1ccc(Oc2ccccc2)cc1,578.15
c1ccc(Cc2ccccc2)cc1,537.65
C1CCC(NC2CCCCC2)CC1,528.93
c1ccc(Oc2ccccc2)cc1,531.0799999999999
CCOC(=O)Cc1ccccc1,501.15
CC(C)CCOC(=O)Cc1ccccc1,541.15
CCNc1cccc(C)c1,494.15
C1=CCC=C1,314.82
CCCN(CCC)CCC,429.26
CCCCN(CCCC)CCCC,485.93
CCCCC(CC)COC(C)=O,465.37
c1ccc(COCc2ccccc2)cc1,570.93
CCCC(=O)OCCc1ccccc1,511.15
BrCCc1ccccc1,492.15
CCCc1ccccc1,432.15
CCNc1ccccc1,477.87
O=CNc1ccccc1,544.26
CCOC1CCC=CO1,415.93
CC(=O)Cc1ccccc1,487.15
CN(C)Cc1ccccc1,454.15
CC(=O)Nc1ccc(C)cc1,580.37
CCCCc1ccccc1,456.45
O=COCCc1ccccc1,499.15
CCCCCCCCCCc1ccccc1,573.15
CCCCC(CC)CN,442.37
Cc1ccc(CBr)cc1,493.15
ClCc1ccc(Cl)cc1,496.15
Cc1ccc(C#N)cc1,490.76
Cc1ccc(C=O)cc1,477.15
CCc1ccc(C)nc1,450.93
COc1ccc(C)cc1,448.65
COc1ccc(N)cc1,515.93
CCc1ccc(CC)cc1,456.85
CCCC(C)CO,421.15
CCOC(=O)CBr,441.65
CCOC(=O)CC,372.04
CCOC(=O)CCl,415.93
CCOC(=O)NC,443.15
CCC(C)CC(C)N,405.65
CCC(C)OC(C)=O,385.37
CCOC(=O)CC(=O)OCC,473.15
CCCC(=O)OCC,394.26
CCOC(C)OCC,375.37
CCOC(=O)OCC,399.26
Cc1ccc(O)c(C)c1,485.37
CC(C)=CCCC(C)CCOC=O,508.15
CCCCC(CC)CNCC(CC)CCCC,554.26
CCCC(=O)OCCC(C)C,452.15
CCCC(=O)OC(=O)CCC,473.15
CCCCC(=O)CC,420.37
Brc1ccc(Br)cc1,493.55
Cc1ccc(Br)cc1,457.04
Oc1ccc(Br)cc1,511.15
Cc1ccc(C)cc1,411.43
Cc1ccc(Cl)cc1,435.55
Cc1ccc(S)cc1,468.15
Nc1ccc(Cl)cc1,505.37
Cc1ccc(N)cc1,473.71
C=CC(=O)OCC(C)C,405.37
COC(=O)CCC(=O)OC,469.54
CCC(=O)CC(C)CC,430.37
CCCCCC(=O)OC,423.15
CCCCCCC(=O)OC,447.15
C1CC2OC2CC1C1CO1,500.37
CCC1CO1,335.92999999999995
ClCC1CO1,389.65
C=CCOCC1CO1,427.04
CCCBr,344.26
C=CCBr,343.15
CCCC,272.65
C=CCC,267.04
C=CC=C,268.76
C=CC=O,325.37
CCCS,340.37
ClCCBr,380.37
C=CCCl,318.15
CCCN,321.76
CCC#N,370.37
C=CC#N,350.37
N#CCO,455.93
C=CCO,369.82
C#CCO,386.76
O=CC=O,324.26
C=COC,278.65
CC=NO,388.15
COCCl,332.04
COC=O,304.65
C=CC[Si](Cl)(Cl)Cl,389.26
C=C(C)CC(C)(C)C,374.65
CC(C)=CC(C)(C)C,378.05
CC(O)CC(C)(C)O,470.37
CC(C)OP(C)(=O)F,420.37
CCCCC[Si](Cl)(Cl)Cl,433.15
CCCC(C)Br,390.37
CCCC(C)C,333.42999999999995
O=C(O)CCCl,473.15
COCC(C)O,393.15
CN(C)CCO,408.15
CCC[N+](=O)[O-],405.37
CC(C)CC(C)O,404.93
CC(C)NC(C)C,357.04
CC(C)OC(C)C,342.04
C=C(C)OC(C)=O,370.15
CC(C)OC(=O)Cl,377.59
Cc1cccc(C)c1,412.26
Cc1cccc(S)c1,468.15
Cc1cccc(Cl)c1,435.37
Nc1cccc(Cl)c1,503.65
Oc1cccc(Cl)c1,487.04
Cc1cccc(N)c1,476.54
Cc1cccc(C)n1,417.15
COCC(C)OC(C)=O,423.15
Cc1cc(C)cc(C)c1,438.15
Cc1cc(C)cc(O)c1,492.65
Clc1cc(Cl)cc(Cl)c1,481.54
Cc1cc(C)nc(C)c1,443.55
CC(C)CC(O)CC(C)C,450.93
CC(C)CC(=O)CC(C)C,439.26
CC(=O)OC(C)CC(C)C,419.37
Brc1ccccc1,429.26
CC1CCCCC1,374.15
Cc1ccncc1,418.04
Clc1ccccc1,405.37
NC1CCCCC1,407.65
OC1CCCCC1,434.26
O=C1CCCCC1,428.76
Sc1ccccc1,441.43
Cc1cnccn1,408.15
Clc1ccccn1,443.15
CCCCOC(=O)CCC,439.82
CCCCC(=O)O,458.15
CN(C)CCCN,395.93
CC(C)OCCO,414.15
CCCOC(C)=O,374.76
BrCCCBr,440.15
CCCCBr,374.26
CCCCC,309.26
C=CCCC,303.04
CCCCCl,351.65
ClCCCBr,416.45
CCCCN,351.15
CCCC#N,390.93
N#CCCO,500.93
CCCCS,382.76
SCCCS,442.04
CNCCO,430.93
COCCO,398.15
COCOC,315.37
CCNCC,328.65
C=COCC,308.71
CCOC=O,327.37
C1CCOC1,339.26
c1ccoc1,305.37
c1ccsc1,357.54
CC(=O)CCC(C)C,417.04
CC(=O)CCC(C)=O,464.26
CC(=O)OCC(C)C,390.43
CCCCCC(C)=O,422.04
COCCOC(C)=O,418.15
CCCCCC,342.04
ClCCCCCl,427.04
CCCCCN,377.54
OCCCCO,503.15
CCCCCS,393.15
CCCCNC,364.15
CCCC=NO,425.37
COCCOC,358.15
C=COCCCl,382.04
CCSCCO,457.65
CCOCCO,408.15
CCSSCC,425.15
C1CCCCC1,353.87
C1=CCCCC1,355.92999999999995
C1OCOCO1,387.65
C1CCNCC1,379.26
C1COCCN1,402.04
CC(O)CNCC(C)O,522.15
CC(O)COCC(C)O,505.95
CCCCCCCC(=O)OC,466.05
CCOCCOC(C)=O,429.26
CCCCCCN,405.15
CCCCCCO,430.26
OCCCCCO,513.15
CCCCCCS,424.26
C=COCCCC,367.15
NCCNCCN,480.37
OCCNCCO,542.26
ClCCOCCCl,450.93
OCCOCCO,518.15
C1CCCNCC1,405.37
C=CCCCCCC,394.43
CCCCCCCO,449.26
CCCCCCC=O,425.93
CCCCOCCO,444.26
COCCOCCO,467.04
CCCCCCCCC,423.93
CCCCCCCCCl,454.65
CCCCCCCCS,472.04
CCOCCOCCO,475.37
ClCCOCOCCCl,491.26
CCCCCCCCC(=O)O,527.65
CCCCCCCOC(C)=O,465.65
CCCCOCCOC(C)=O,465.37
CCCCCCCCCC(C)=O,504.65
CCOCCOCCOC(C)=O,490.55
CCCCCCOCCO,481.15
ClCCOCCOCCCl,514.45
OCCOCCOCCO,558.15
CCCCCCCCCCO,503.15
CCCCOCCOCCO,504.26
COCCOCCOCCO,519.15
CCOCCOCCOCC,462.04
CCCCCCCCCCCC,489.43
C=CCCCCCCCCCC,485.93
CCCCCCCCCCCO,518.15
CCCCOCCOCCCC,477.04
COCCOCCOCCOC,489.26
CCOCCOCCOCCO,529.26
CCCCCCCCCCCCCl,533.15
CCCCCCCCCCCCO,532.04
CCCCCCOCCOCCO,532.26
CCCCCCCCCCCCCO,547.04
CCCCOCCOCCOCCCC,529.26
CCCCCCCCCCCCCCCCCCCC,615.87
C=CC,225.43
COC,250.93
C=C(C)C,266.26
CC[Si](Cl)(Cl)Cl,370.93
OC(c1ccc(Cl)cc1)(c1ccc(Cl)cc1)C(Cl)(Cl)Cl,498.15
CC1CC(O)CC(C)(C)C1,471.15
FC(F)=C(F)F,196.87
FC(F)=C(F)C(F)(F)F,243.55
COC(=O)C(Cl)Cl,415.93
O=[N+]([O-])c1c(Cl)c(Cl)cc(Cl)c1Cl,577.04
Cc1c(Cl)cccc1Cl,471.15
Clc1c(Cl)c(Cl)c(Cl)c(Cl)c1Cl,595.37
c1ccc2c(c1)CCCC2,480.93
CC(=O)Nc1ccccc1C,569.26
COc1ccc(C)cc1N,508.15
Cc1nc2ccccc2s1,511.15
Oc1ccc(Cl)cc1Cl,483.15
O=C1CCCC1,403.8
O=[N+]([O-])c1cc(C(F)(F)F)ccc1Cl,495.76
CCOc1cc(C=O)ccc1O,558.15
CCN(CC)CC,362.43
Cc1ccc([N+](=O)[O-])cc1Cl,533.15
CCCCCOC(=O)c1ccccc1C(=O)OCCCCC,615.37
COC(=O)c1ccccc1N,529.26
Nc1cccc2ccccc12,574.26
O=C(c1ccccc1)c1ccc(Cl)cc1,605.15
CCc1ccccc1CC,457.15
Oc1ccc2ccccc2c1,558.15
CCC(C)c1ccccc1,446.65
CCCCC(CC)C(=O)O,500.93
CCCCOC(=O)c1ccccc1,523.15
Cc1ccccc1S,468.15
CCC(C)CO,401.15
CCCCOC(=O)C(C)O,460.93
CC(=O)OCc1ccccc1,488.65
N#CCc1ccccc1,506.65
NCCN1CCNCC1,493.15
C=CCc1ccc(OC)cc1,489.26
C=Cc1ccc(C)nc1,454.26
C=CC(=O)OCC,372.93
CCCC(=O)OCCC(C)CCC=C(C)C,518.15
CCC[Si](Cl)(Cl)Cl,396.65
C[Si](C)(C)O[Si](C)(C)O[Si](C)(C)O[Si](C)(C)O[Si](C)(C)C,503.15
CCCC(=O)Cl,375.37
CCOC(C)=O,350.37
CC(=O)C=C(C)C,403.15
COC(CC(C)CCCC(C)(C)O)OC,525.15
CCc1cccc(CC)c1,454.25
CCOC(=O)CC(C)=O,457.04
ClCCCCl,393.54
C1=CCCC1,317.59
CCCCCCC,371.54
CCCNCCC,382.54
CCCCOCCCC,415.37
CCCCCCCCCO,485.93
CCCCCCCCCCN,493.65
CCCCCCCCCCS,513.71
CCCCOCCOCCOCCO,551.15
CCCCCCCCCCCCCCCCN,595.93
CC(C)C(O)C(C)(C)CO,507.15
COC(OC)OC,373.75
C[Si](Cl)(Cl)c1ccccc1,478.15
COc1ccc(O)cc1,519.26
COc1ccc(OC)cc1,485.76
CC(=O)OCCC(C)CCC=C(C)C,502.15
CCOc1ccc(N)cc1,523.15
NCCCO,460.65
c1ccc2c(c1)cnc1ccccc12,622.04
c1ccc2nc3ccccc3cc2c1,619.26
c1ccc2occc2c1,447.04
C1CCC1,286.23
C1CCCC1,322.42999999999995
c1cscn1,389.93
C1CCCCCC1,391.65
C1CCCCCCCCCCC1,520.15
FC(F)(F)C(Cl)Cl,300.97
Fc1cccc2ccccc12,488.15
O=C(O)C(F)(F)C(F)(F)C(F)(F)C(F)(F)C(F)(F)C(F)(F)C(F)(F)F,465.15
Cc1ccc(F)cc1,389.76
Cc1cccc(F)c1,389.15
CCSCC,365.25
FC(F)(Cl)Br,269.45
FC(Cl)C(F)(F)Cl,302.65
FC(F)C(F)(F)Cl,261.45
FC(F)(F)C(Cl)(Cl)Cl,318.65
FC(F)(F)C(F)(F)C(F)(F)C(F)(F)C(F)(F)C(F)(F)F,330.35
Nc1ccc(F)cc1,454.65
OCCF,376.65
FC(F)(F)C(F)(Cl)Cl,276.54999999999995
C=COCC(F)(F)F,315.92999999999995
C1CS1,330.15
COC(=O)CF,377.65
CCOC(=O)CF,394.75
Fc1ccc(Br)cc1,425.37
COC(=O)OC,363.65
C1COCO1,351.15
CCCC(C)OC(C)=O,406.15
CCc1cccc(CC)c1CC,489.26
C=CCOCC=C,367.15
CC(=O)OC(C)(C)C,370.93
CCC(C)N,336.65
Cc1cc(C(C)(C)C)c(O)c(C(C)(C)C)c1,538.15
CC(=O)Oc1cc(C(C)C)ccc1C,519.65
CCC(=O)Cl,353.15
C=CCOC(=O)Cl,385.93
Cc1cscn1,405.15
OCCOCc1ccccc1,529.15
CCCCCCCCCCCCCCCC,560.37
CCc1ccc2ccccc2c1,530.93
Cc1cccc(Br)c1,456.87
CC(=O)C(C)C,367.04
O=C(CCl)CCl,445.93
CCCCC(=O)CCCC,460.93
CC(C)(C)OCC1CO1,425.37
CCCOCCCO,422.93
C=C1CCC2CC1C2(C)C,439.15
Cc1cc(C)c(C=O)c(C)c1,511.65
CCN(C)N=O,436.15
C=C(C)CC,304.35
CC(C)=CCl,340.92999999999995
FC(Cl)C(F)(F)C(F)(F)Cl,329.25
C=C(C)C(C)=O,370.93
C=COCCOC,381.95
COc1ccc(C=O)cc1,528.15
ClC(Cl)=C(Cl)Cl,394.26
C=CCOC(=O)CC(C)C,425.43
CCN(CC)C(C)=O,458.65
CCCCOCC(C)O,444.15
Cc1ccc(C)s1,408.15
c1ccc(SSc2ccccc2)cc1,583.15
CCCCCCCCCCCCCCCCCCCCCCC,653.37
CCC(C)(C)OC,359.45
OCC(Cl)Cl,419.26
CC=CC,276.88
CC=CCCC,341.04999999999995
CC(F)(Cl)Cl,305.15
C1COCCO1,374.26
O=Cc1ccc(Cl)cc1Cl,505.93
CCN(O)CC,403.15
Oc1cc(Cl)cc(Cl)c1,505.93
CC(C)(C)c1cccc(C(C)(C)C)c1O,525.93
CC(C)(N)CO,438.15
O=S(Cl)Cl,349.26
FC(F)(F)C(F)(F)C(Cl)Cl,324.25
CC(Cl)C(=O)O,458.71
CC(C)CON=O,340.37
CCOC(=O)c1cccc(C(=O)OCC)c1,575.15
CC(=O)OCCC(C)C,415.37
O=c1c2ccccc2nc2n1CCc1c-2[nH]c2ccccc12,482.15
C=Cc1ccccc1C=C,468.15
CC(=O)OC1CCCCC1,449.82
CC(C)c1ccc2ccccc2c1,541.3499999999999
COC(C)COC(C)COC(C)CO,515.37
CC(C)c1ccccc1C(C)C,478.15
CCCCCCCCCCCc1ccccc1,589.26
Cc1ccc(C)c(O)c1C,499.15
C=C(C)CO,388.15
ClP(Cl)c1ccccc1,494.26
Cc1cccc(C)c1O,475.93
O=CC1CO1,385.65
CC1CCCCC1=O,438.15
CCC=CCO,411.15
CC(C)=NO,406.15
CC(Cl)(Cl)[N+](=O)[O-],397.04
Cl[SiH](Cl)Cl,305.37
COc1cc(Cl)c(OC)cc1Cl,540.93
CCCCOC=O,380.15
Nc1c(Cl)cc(Cl)cc1Cl,535.37
C=C(C)C#N,363.15
CCCC(C)O,385.37
CCCCCCCC(C)=O,465.15
CC=CC(=O)O,442.15
C=CC(C)C,293.25
CCCCCCCCCC,447.26
Cc1c(F)c(F)c(COC(=O)C2C(C=C(Cl)C(F)(F)F)C2(C)C)c(F)c1F,429.15
CCCCCC(C)C,389.15
C=C(C)C1CC=C(C)CC1,450.93
COC(=O)CCC(C)=O,469.15
C=CCCCC,336.65
Cc1ccsc1,388.15
CC(C)CN(CC(C)C)CC(C)C,464.65
CC(O)COC(C)COC(C)CO,545.93
CC(C)CCCCCCCO,493.15
CC(=O)c1ccccc1C,487.15
CCCC(C)C(C)CC,413.75
CCCCOC(=O)CC,419.93
CCCCCCCCCCCCCCCCCCCCCCCCC,675.04
CCCC(C)(C)CC,385.05
Clc1ccc(Cc2ccccc2)cc1,571.15
CCC(C)(C)OC(C)=O,397.87
O=C(CCl)OC(=O)CCl,476.15
Cc1cc(C)c(C)c(C)c1,471.15
C1CCNC1,359.71
CCOCC(C)OC(C)=O,433.15
CCC(=O)OC,352.87
CCCC=C(C=O)CC,448.15
C[Si](C)(C)O[Si](C)(O[Si](C)(C)C)O[Si](C)(C)C,467.04
CC(C)OC=O,341.35
CC1CCC(O)CC1,446.15
CCOCCOCC,394.54
C1COCOC1,378.15
CCCC(=O)OC,375.37
Clc1cccc(Cl)c1,445.93
Ic1ccccc1,461.55
CCCCOCCOCCOC(C)=O,519.26
CCCC(=O)CC(C)C,428.15
O=COCCCc1ccccc1,511.15
CCOC(=O)Cl,367.04
CCCCCCC(O)CC,468.15
CCCCC(=O)c1ccccc1,518.15
C[Si]1(C)O[Si](C)(C)O[Si](C)(C)O[Si](C)(C)O1,448.15
COC(C)(C)C,328.37
Cc1ccccc1C(C)C,451.15
CC1(C)C2CCC1(C)C(O)C2,485.15
CC(C)(CO)CO,481.15
CCCCCCCCCCCCCCc1ccccc1,632.04
C=CC(=C)Cl,332.54
C=CCC=CC,338.15
ClCc1ccccc1Cl,486.15
COC(C)CO,403.15
c1ccc(Nc2ccccc2)cc1,575.37
CC=CCC,309.45
CCCCC(C)CC,391.15
C[Si]1(C)O[Si](C)(C)O[Si](C)(C)O[Si](C)(C)O[Si](C)(C)O1,483.15
CCc1cccnc1,439.15
CC(C)CC(C)(C)C,372.39
CC=C1CC2C=CC1C2,420.76
CCCCOC(=O)CCCC,458.95
CCCOCC(C)O,423.35
CCCCCOC(C)=O,419.26
O=[N+]([O-])c1ccc(Cl)cc1Cl,530.93
CCCCCCCCCCCS,530.37
CCCCCCCCC(C)=O,483.15
Clc1ccc(C(Cl)(Cl)Cl)cc1Cl,556.26
CCCCCCCCCCCCCCCCCC#N,635.15
CC(=O)CCCC(C)CCC=C(C)C,507.15
CC(C)CCO,405.37
CCOC(=O)C(C)Oc1ccc(Oc2nc3ccc(Cl)cc3o2)cc1,473.15
CCOC(=O)C=CC(=O)OCC,491.15
CC(C)CC=O,365.65
CCOCCC(=O)OCC,443.15
CC(CC=O)CC(C)(C)C,446.15
O=[N+]([O-])C1CCCCC1,478.65
COC(C)OC,337.65
CCCCC(C=O)CC,436.54
CCOCCl,356.15
CC(=O)Nc1cccc(C)c1,575.93
CCCCCCCCCCCCc1ccccc1,604.15
CCCCCCCCCCCCCC,526.87
C=CCCO,386.65
C#CC(=O)O,417.15
Cc1cccc(C=O)c1,472.15
CCCCN(CC)C(=O)SCCC,415.15
SCCS,419.15
C=CCC=C,299.15
Cc1cccc(O)c1C,490.93
CCCCOCCOCC(C)O,503.45
CCc1cccs1,406.15
CCSC(=O)N1CCCCCC1,409.65
NCCOCCO,494.15
CC(Br)Br,381.15
C=CCCCCC,366.76
C=CC(F)(F)C(F)(F)C(F)(F)C(F)(F)F,331.15
CCCCCC(=O)CCCCC,501.15
CCO[Si](CCCN)(OCC)OCC,490.15
OCC1CO1,440.37
CCOC(=O)CC(C)O,443.15
Cc1cccc(CBr)c1,485.65
CC(C)CCl,342.15
CCC(O)CC,389.15
ClC(Cl)(Cl)C1CO1,422.04
C=C(C)CCC,335.26
CC(S)CS,425.15
CCC(=O)C(C)C,386.65
CCOC,280.54999999999995
CCCCC1CCCCC1,454.05
CCCC(=O)OCC(C)C,430.05
Cc1c(N)cccc1N,562.15
CCN(C)C,309.65
CCCCCON=O,377.04
CC1=NCCS1,417.15
C=CCSCC=C,412.15
CCC(=O)C(C)=O,383.05
CC(C)N=C=NC(C)C,420.15
Cc1ccc(O)c(C(C)(C)C)c1,510.15
C=CC(O)CC,387.15
C=CCCCCCCCCCCC,505.93
CCCO[N+](=O)[O-],383.71
Cc1ccc(N)c(Cl)c1,492.15
COC(C)COC(C)CO,457.15
C1=CCCC=C1,354.15
CC(=O)Oc1ccccc1C,481.15
C=Cc1ccccc1Cl,461.87
C=CCCCCCCCCCCCC,524.26
O=[N+]([O-])c1cccc(I)c1,553.15
C=CSC=C,374.15
Clc1cc(Cl)c(Cl)c(Cl)c1,519.26
CCCCOCC1CO1,437.04
CCCCCCCCCCCCCCCCCCC,602.87
CC(C)COC(=O)Cc1ccccc1,520.15
C=CC=CC,315.92999999999995
Clc1ccc(Cl)c(Cl)c1Cl,527.04
CCc1cccc(C)c1N,504.15
CCOC(C)CC,354.15
CCCCCCCCCCCCCCC,543.78
CCCCCCCCC(C)C,462.45
CC(=O)OCC(C)OC(C)=O,463.15
CCCCCCC(C)C,416.35
Cc1ccc(OC(=O)Cc2ccccc2)cc1,583.15
FCC(F)(F)F,246.65
CC(C)COC(=O)c1ccccc1,515.15
CCC(C)COC(C)=O,411.15
CCCCCCCCCS,493.15
Cc1cccc(C#N)c1,485.93
CC1OC(C)OC(C)O1,400.93
O=C(Cl)OC(Cl)(Cl)Cl,401.15
Cc1cc(C)c(O)c(C)c1,493.15
CC(C)=CCCl,382.15
C=CBr,288.92999999999995
Cc1ccccc1-c1ccccc1,533.15
C=C(C)CCO,403.15
CCCC[Si](Cl)(Cl)Cl,415.37
Clc1cccnc1,424.15
CC1(C2CCC3(C)OC3C2)CO1,515.15
FC(F)(Cl)CCl,319.95
C=CCOC(=O)CCCCC,458.15
CC(C)CCOCCC(C)C,445.65
CC(C)C1CCCCC1,427.59
CC=Cc1ccc(OC)cc1,507.65
CC1(C)CC(N)CC(C)(CN)C1,520.37
CC(=O)OC(C)CCCC(C)C,460.15
CCc1ccccc1N,482.8
CCCCC(C)=O,400.37
CCCCOC(=O)CCl,456.15
COc1c(Br)cc(Br)cc1Br,571.15
C=CC(O)CCCCCC,468.15
N#CCCc1ccccc1,534.15
CCCCCCCCCCCCCCCO,573.15
Cc1cccc(N)c1N,528.15
CC(=O)CC(C)(C)O,437.59
ClCC(Cl)(Cl)Cl,403.65
CC(C)(C)c1cc(C(C)(C)C)c(O)c(C(C)(C)C)c1,551.15
CCCCCCCCCCCCCCCCC,574.93
CC(C)COC(=O)Cl,402.15
CC1(O)CCCCC1,428.15
C=Cc1ccccc1OC,470.15
FCCCl,332.15
Cc1csc(C)n1,418.15
CCCC(Cc1ccccc1)N1CCCC1,426.15
CCCOCCO,422.59
CC(C)CC(=O)OC(C)C,415.15
CCCC(=O)OC(C(Cl)(Cl)Cl)P(=O)(OC)OC,402.15
CCCCOC(=O)C(=O)OCCCC,514.15
CCOC(=O)C(C)=O,417.15
CCCCOC(=O)Cl,411.15
CC(=O)Oc1ccccc1,469.15
Cc1ccccc1C#N,478.15
CC1=CCC(O)(C(C)C)CC1,482.15
C=CCNCC=C,384.26
Clc1ccc(-c2ccccc2)cc1,564.26
C=C(C)C(=O)OCCC,414.26
C=COCCO,414.75
C=CC(=O)OCCC,395.15
Cc1cccc2cccnc12,520.93
CCCCCCCCCCCC(C)=O,535.93
Fc1ccccc1,358.26
Cc1ccc(C)n1C,444.15
Cc1ccc(N)c(N)c1,538.15
C=C(C)Cl,295.75
CC=CC(C)=O,395.65
C=CC(=O)Cl,348.15
FC(Cl)C(F)(F)F,261.15
C=CCc1ccc(OC=O)c(OC)c1,543.15
BrC(Br)(Br)Br,463.15
CCCCCCCCCC#N,514.15
CC(C)=CC=O,407.15
CC=CC=O,377.04
CCCCCCC(C)O,452.15
CCCCCCCCCCCCCCCCCCCCCCCCCC,685.37
CO[Si](OC)(OC)OC,394.26
Cc1ccc(Cl)c(O)c1,469.15
C=CCCCCCCC,420.37
C=CC1=CCCCC1,418.15
CCC(Cl)CCl,397.25
O=C(O)C(F)(F)C(F)(F)C(F)(F)C(F)(F)C(F)(F)C(F)(F)F,448.15
CC(=O)OC1CC(C)CCC1C(C)C,500.15
CC1CNCC(C)O1,420.37
CCCCOC(C)=O,399.65
CCCCOC(=O)c1ccccc1O,544.15
CCCCCCCCCCCCCCCc1ccccc1,646.15
CCc1cc(C(C)(C)C)c(O)c(C(C)(C)C)c1,545.15
Nc1cc(Cl)cc(Cl)c1,533.15
CCCC(=O)OC1CCCCC1,485.15
COC(N)=O,450.37
C=C(C)C(=O)Cl,369.26
C=CCCC#N,413.15
O=C(Cl)OCCCl,428.87
CC(C)N(N=O)C(C)C,467.65
CC(C)OCC1CO1,400.37
CC(C)CS,361.65
C#CC=C,278.25
CCSCCSP(=S)(OC)OC,383.15
CC(C)CCCCCO,459.26
CCCCCC(=O)CCC,461.15
C=CCCCCCCCC,443.76
CCC1CCCCC1,404.82
Cl[Si](Cl)(Cl)Cl,330.76
CCC(=O)OC(=O)CC,442.04
Cc1cccc(C(C)C)c1,448.15
O=[N+]([O-])c1cccc([N+](=O)[O-])c1Cl,588.15
Cc1c(C)c(C)c(O)c(C)c1C,540.15
CC(C)OC(N)=O,456.15
CCc1cccc(O)c1,491.55
CCC(=O)CCC(C)C,437.15
CC(=O)Br,349.26
CC(=O)C(Cl)(Cl)Cl,422.15
CC(C)C(=O)C(C)C,398.55
C=CCOC(C)=O,376.65
CC1=CCC2C(C1)C2(C)C,443.15
Nc1ccc(Cl)cc1Cl,518.15
CCCCCCC(=O)OCCCC,499.35
CCCCCCCCCCCCCCCCCCCCC,629.65
FC(Cl)(Cl)C(Cl)Cl,389.15
CC(C)(C)Br,346.45
ClC1CCCCC1,415.15
C=CCCCCCCCCC,465.87
c1ccc(-c2ccncc2)cc1,554.15
CC(Cl)=CCCl,404.15
CCCCCC[Si](Cl)(Cl)Cl,463.15
Fc1ccccc1-c1ccccc1,520.93
CC(O)COC(C)(C)C,424.26
CC(C)CCCC(C)CCCC(C)CCCC(C)C,569.15
CCC(=O)c1ccccc1,491.15
C=C=CC,284.04999999999995
CCCCCCl,380.93
Clc1ccc(C(Cl)(Cl)Cl)cc1,518.15
SC1CCCCC1,430.93
NCCCCCCN,478.15
CCCCCCCCCCCCC,508.54
Cc1coc(C)c1,367.15
CCSC#N,419.26
Cc1nc(C)c(C)nc1C,463.15
CCCCCCOC(=O)c1ccccc1,545.37
CSSC,382.87
CC=CC=CC(=O)O,500.93
C=CC(F)(F)F,256.15
OCCCc1ccccc1,514.15
CC(C)C(C)C(C)(C)C,406.15
CC1=CCC(=C(C)C)CC1,460.15
ClC(Cl)=C(Cl)C(Cl)(Cl)Cl,482.65
CCOP(=S)(CC)Sc1ccccc1,403.15
CCCC[N+](=O)[O-],425.93
Cl[SiH2]Cl,281.15
CCCCN=C=S,441.15
CC(=O)C(Cl)Cl,393.15
Nc1cccc(Cl)c1Cl,525.15
CCOCC(C)O,406.15
CCCCCCCCCCCCCc1ccccc1,619.15
CCSCCCl,429.15
COC(CC(C)=O)OC,451.15
CCCCCCCCCCC,469.04
CC(C)CCCCCCC=O,470.15
C=Cc1ccc(Cl)cc1,465.15
Cc1cccs1,385.15
FC(F)(Br)C(F)(F)Br,320.5
CCCCC(C)C,363.15
CC=CCCCCCCC,443.75
O=C(O)COc1ccccc1,558.15
CC(O)C(C)(C)C,393.55
C[Si](C)(C)O[Si](C)(C)C,372.15
NCc1cccc(CN)c1,520.37
CCCC(C)C=O,390.15
CCCCCC(N)=O,528.15
CCCCCC(=O)OCCCC,481.15
Oc1cccc(Br)c1,509.65
ClCOCCl,379.26
CCC(=O)CC(C)C,408.15
CCCCC(C)O,409.15
C=CCCCCCCCCCCCCCC,557.55
CC1CCC2CC1C2(C)C,424.26
CCCCCCCS,450.37
FC(F)=C(C(F)(F)F)C(F)(F)F,280.15
CC(=O)CBr,409.26
Cc1ccc(CO)cc1,490.37
OC(C(F)(F)F)C(F)(F)F,332.04
Cc1coc(C)n1,381.15
CN1C2CCCC1CC(=O)C2,519.15
CC1C=CCC1,338.04999999999995
ClP(Cl)Cl,349.26
CCCCCCCCOC(=O)CC,501.15
CC=CC=CC(=O)OC,453.15
CCc1cccc(CC)c1N,508.65
CCCCCCCCCCCCCCCCCCCCCC,641.76
CC(Br)CCl,390.93
CCO[N+](=O)[O-],360.35
CC(C)COC(=O)CC(C)C,441.65
COc1cccc(N)c1,524.26
CCCCOC(N)=O,477.15
CCc1ccc(O)cc1,491.05
CCCCCCCCCCCCCCCN,580.76
CCCCCCCCCCCCN,532.15
COC(=O)c1cccc(Cl)c1,504.15
CCSC(=O)N(CC)C1CCCCC1,418.15
CCCCCCCCCCCCCCCCCC,589.26
CCCC(=O)CCC,417.04
CCCCCCCCCCCCCCCCCCCCCCCC,664.43
O=C(Br)CBr,420.93
CCOC(C)(C)C,346.26
CCCCN(C)N=O,466.75
O=S(=O)(Cl)OS(=O)(=O)Cl,424.15
ClC=CCCl,385.37
ClSCl,332.15
CCCSC(=O)Cl,428.15
CCOP(=O)(Sc1ccccc1)Sc1ccccc1,427.15
O=C1c2ccccc2-c2ccccc21,614.65
C1COC1,323.15
CC(C)=CC(=O)C=C(C)C,471.15
CC(=O)S,361.15
C[Si]1(C)O[Si](C)(C)O[Si](C)(C)O[Si](C)(C)O[Si](C)(C)O[Si](C)(C)O1,518.15
C[Si](C)(C)O[Si](C)(C)O[Si](C)(C)O[Si](C)(C)O[Si](C)(C)O[Si](C)(C)O[Si](C)(C)C,559.95
CC(Cl)=CCl,348.15
CC(C)(Cl)[N+](=O)[O-],407.04
CCCOC(=O)c1ccco1,484.15
CCC(CC)CN,398.15
CCOc1cccc(N)c1,520.93
CCCN(CCC)N=O,479.26
ClC(Cl)=Nc1ccccc1,483.15
O=Cc1ccc(C=O)cc1,519.15
CCNC(=O)OCC,449.15
CCCOC(N)=O,469.15
FC(F)(F)CC(F)(F)F,272.04999999999995
CCCN(CCC)C(=O)SCC,400.37
C=CC(Cl)CCl,391.75
FC(F)C(F)(Cl)Cl,303.35
CC(=O)OC1CC(C)OC(C)O1,459.26
CCOC(=O)CSP(=S)(OCC)OCC,410.15
CCSCCSP(=O)(OC)OC,362.04
C[Si](C)(C)N[Si](C)(C)C,398.15
CNOC,315.54999999999995
C=Cc1cccc(Cl)c1,461.85
CCNNCC,358.65
CCCCCCCCc1ccc(O)cc1,553.15
Clc1nc(Cl)c(Cl)c(Cl)c1Cl,553.15
CC(=O)OO[N+](=O)[O-],379.15
CCSC(=O)Cl,405.37
CN(C)CCOCCN(C)C,462.04
CCCC(=O)C(C)=O,400.93
C=CC(C)(C)C(=O)O,458.15
C[SiH](c1ccccc1)c1ccccc1,539.9499877999999
CC(C)CC1CCCCC1,444.4500031
CCCN(CC)CCC,411.15
C1CCSCC1,414.9500031
CCC(=O)C1CCCCC1,469.15
CC(C)c1ccccc1Cl,464.2500061
C#CC(OCC)OCC,412.15
CCCCCCC(C)N,438.15
Cc1cc(C)c2ncccc2c1,541.65
CN(C)[N+](=O)[O-],460.15
CC1CCCCCC1=O,458.15
CC1CC(C)NC(C)(C)C1,429.15
Cc1cccc(CO)c1,488.65
OCCN1CCOCC1,500.15
CCC(C)(C)Cl,358.65
Cc1cc(C)c(Br)c(C)c1,498.15
Cc1ccc(CCl)c(C)c1,488.65
Cn1ccc2ccccc21,510.15
CCC(C)C(O)C(C)CC,459.15
CC1(C)CCCCC1O,450.15
CC1CCCC(C)(C)C1=O,451.65
C[SiH](O[Si](C)(C)C)O[Si](C)(C)C,414.65
C=C(CC)CCC,367.15
C=C(C)C(C)(C)CC,381.4500031
O=C(O)C=Cc1ccccc1,573.15
CC12C=CC(CC1)C2(C)C,419.15
CC(C)CC=NO,434.4500031
C=CCC(=C)C,329.15
CCC=CCCO,429.65
FC(F)(F)C(F)(F)C(F)(F)C(F)(F)C(F)(F)C(F)(F)C(F)(F)I,410.65
CNCC(OC)OC,413.15
CCOCCC(C)C,385.15
[SiH3]c1ccccc1,393.15
CC(C)(C)C(=O)OC(=O)C(C)(C)C,466.15
FC(F)(F)C(F)(I)C(F)(F)F,313.15
CCOCOCC,361.15
CCOC(=O)C(C)C,383.2499985
Cc1c[nH]c(C)c1,441.15
CCCCC(C)CC(C)C,429.15
O=[N+]([O-])c1cccs1,497.65
CN(C)CCOC(c1ccc(Cl)cc1)c1ccccn1,433.15
NC(=O)C(Cl)(Cl)Cl,513.15
CCC(C)(C)CC(C)C,403.8499969
Cc1cc(N)ccc1Cl,514.15
C=CCc1cccc2ccccc12,539.15
COC(=O)C(C)C,365.15
CCOC(Cl)CCl,418.15
CC(C)C(C)(C)C(C)C,414.65
C=CCCCCCCC=C,440.15
CC1(C)CCC(C)(C)C1,391.15
C#CCC(C)C,334.35000076
CCCCCCCC(=O)c1ccccc1,558.15
CCCC=CCO,430.15
CC(Cl)C(=O)CCl,439.65
FC(Cl)=C(F)Cl,294.25000038
CCc1cccc(C)n1,433.65
O=[N+]([O-])c1cc(F)c(F)cc1F,467.65
CCN(CC)CCOC(=O)C(Cc1cccc2ccccc12)CC1CCCO1,463.15
Cc1cn(C)c2ccccc12,531.65
CCCC(CC)(CC)CC,439.4500031
CCOC(=O)CC(C(C)=O)C(=O)OCC,528.15
CC1CCC(C)C1,363.95000305
COc1ccc(F)cc1,430.15
CCC1CCCC1,376.65
COCCCCl,384.15
CCC(CC)c1ccccc1,460.65
Sc1ccc(Cl)cc1,479.15
Oc1cccc(F)c1,451.15
c1ccc(Cc2ccc3ccccc3c2)cc1,623.15
Cc1cc(C)c(O)c(C)c1C,513.15
CCCNc1ccccc1,495.15
CCc1ccc(C)cc1,435.15
FC(F)=C(F)C(F)(F)C(F)(F)C(F)(F)C(F)(F)C(F)(F)F,354.15
CCC(CC)C(C)(C)C,406.9500031
CCOc1ccccc1F,444.5499939
c1ccc(CN(CCN2CCCC2)c2ccccc2)cc1,474.65
C[Si](C)(Cl)c1ccccc1,466.65
CCCCC(C)(O)CCC,453.15
CCCCCCCCN,452.7500061
Fc1c(F)c(F)c(I)c(F)c1F,439.15
CC(C)CC[N+](=O)[O-],436.65
CN(C)CCCN1c2ccccc2Sc2ccccc21,476.15
CC(=O)C1CCCC1,431.65
NC(=O)C(Cl)Cl,507.15
CC(C)OC(=O)C(=O)OC(C)C,464.15
Cc1csc(C)c1,413.8499969
O=C(c1ccc(Cl)cc1)c1ccc(Cl)cc1,626.15
CCCCCC(=O)CC,440.65
CCOCCOC(C)(C)C,421.15
C=CC#CCC,358.15
CC(C)(C)C(=O)CCl,443.15
CC(C)CCOC(=O)C(=O)OCCC(C)C,540.65
CCC(O)(CC)CC,415.15
Clc1cc(Cl)cc(-c2cc(Cl)cc(Cl)c2)c1,613.15
COC(=O)CCS,439.15
Cc1ccc(C(C)C)c(O)c1Cl,531.65
O=Cc1cc(Cl)ccc1Cl,505.15
FC(F)(F)CBr,299.15
CC(C)CCN,369.15
CC1CCCCS1,426.15
CC(C)C1CCCC1,399.65
CC=CC(=O)OC,394.15
C[Si](C)(CCl)c1ccccc1,498.15
FC(F)=C(F)C(F)=C(F)F,279.15
Cc1ccc(C)o1,366.65
CCOC(CN)OCC,436.15
c1ccc(Cc2cccnc2)cc1,560.15
CCC(C)(O)CCC(C)C,446.15
Cc1cc(C)c(C)cn1,461.15
CN(C)CCCl,383.15
CC1CCC(=O)N1,521.15
O=[N+]([O-])c1ccc(F)cc1F,480.15
CC=CCCCC,371.55000153
C=C1CCCC1,348.65
CCCOC(=O)CC(C)C,429.0499939
CCCCCCC(=O)CC,463.15
CCN1CCCCC1,403.9500031
CCCOCOC,366.12000122
Clc1ccc(C(Cl)Cl)c(Cl)c1Cl,551.15
CO[Si](C)(C)OC,355.15
C=CC(OCC)OCC,396.65
CC1CCCCC1(C)C,418.3499969
CCOCCCCOC,418.65
COC1CCC=CO1,390.7499985
CCCCc1cccc(O)c1,521.15
CC=CCC(C)C,361.24999847
BrCOCBr,427.65
Cl[SiH](Cl)c1ccccc1,454.15
C1=CCCCC=C1,393.65
C=COCCCCCC,416.15
N#CC1CCC1,422.7500061
CN(C)c1ccccc1Cl,478.15
COc1ccc(C)cc1OC,493.15
CC#CCCCCC,410.7500061
CC(C)=CCO,413.15
FC(F)(F)C(F)(Cl)C(F)(Cl)C(F)(F)F,336.15
COC(=O)C(C)=O,408.65
FC(F)(F)C(F)(F)C(Cl)(Cl)Cl,347.15
COC(F)(F)C(F)(F)C(F)(F)F,307.15
CCC(C)C(C)C(C)(C)C,430.15
CCC(Cl)(Cl)Cl,381.15
CCC1CCCC1C,394.3499969
CSCC(C)C,385.65
CC1CNC(C)CN1,435.15
CC(C)(C)I,373.2499985
CCOC(=O)c1ccccc1Cl,516.15
CC1CCC1,309.44999923999995
CC(=O)C(=O)CC(C)C,411.15
C[Si](C)(C)CCl,371.65
CCCCCCC[N+](=O)[O-],467.15
Cc1ccccc1C(=O)O,532.15
OCC(F)(F)C(F)F,382.65
CCO[SiH](OCC)OCC,406.65
CC(C)(C)OC=O,355.65
CC(CN)c1ccccc1,483.15
CCCC(C)=O,375.3499969
CC(C)COCCO,433.15
CCC(O)CN,442.15
CCC(C)Cc1ccccc1,468.5499939
CCO[Si](OCC)(OCC)c1ccccc1,506.65
CC1(C(=O)O)CCCCC1,507.15
CC(C)CC(C)N,382.15
CC(C)c1cccs1,426.15
O=C(Cl)c1ccccc1Cl,511.15
CCCCCO[N+](=O)[O-],430.15
CC(C)(Cl)Br,368.15
Cc1cccc(CCl)c1,468.65
CC(C)(C)c1ccc(O)c(O)c1,558.15
Cc1c(C)n(C)c2ccccc12,556.15
Cc1cccc(CN)c1,476.65
C=CCNc1ccccc1,492.15
O=C1C=CCC1,409.15
c1cn[nH]c1,460.15
OCCN1CC1,441.15
CCCOC(=O)CC,396.15
CCCC(C)(C)C(C)CC,434.2500061
COC(=O)c1cccc(C)c1O,508.15
C=C(C)C(=C)C,341.95000305
CCC[SiH](CCC)CCC,446.15
FC(F)(F)c1ccc(C(F)(F)F)cc1,389.15
CCOC(=O)CCC(C)CC,453.15
CC(=O)NC(C)=O,496.65
Clc1ccc2cc(Cl)ccc2c1,558.15
CC(C)(C)OC(=O)CCl,423.15
CCOC(=O)CCCl,435.15
CC(O)COC(C)CO,504.15
CC1(C)CCCC(O)C1,458.15
CC(=O)c1cccc(C)c1,493.15
CC(CC(C)(C)C)CC(C)(C)C,450.9500031
CC[Si](OC)(OC)OC,397.4500031
COC(=O)C=CC(=O)OC,466.15
Cc1ccccc1CC(C)C,469.15
Cc1cc(Cl)cc(Cl)c1,474.65
Cc1cccc(-c2ccccc2C)c1,543.15
CCCCCCC(C)(C)S,461.15
C=Cc1ccco1,372.65
CCC=NO,404.65
CCOP(=S)(OCC)SCSCC,398.15
CC(C)I,362.65
O=CC1CCCO1,415.15
CCNC,309.65
CCC(C)C(C)C,362.84999695
O=C=Nc1ccccc1Cl,473.15
CCC(=O)CC(C)=O,433.15
CCC=CC(C)=O,413.15
CCCCc1ccc(O)cc1,521.15
CN1CCCCC1,380.15
C=CC(C)O,369.15
Brc1cncc2ccccc12,555.65
Cn1nnc2ccccc21,543.65
CCO[Si](C)(C)O[Si](C)(C)OCC,433.8499969
CCCCOC(=O)CC(=O)OCCCC,524.65
BrCC1CCCO1,443.15
CCC(=O)OC(C)(C)C,391.4
Cc1cc[nH]c1,416.15
BrC1CCCCC1,439.3499969
Cc1ccccc1I,484.65
ICI,455.15
CO[SiH](OC)OC,354.15
CC1CCCC(C)C1,395.65
O=CCc1ccccc1,468.15
O=C(Cl)c1ccccc1Br,516.15
CC=CC(=O)Cl,397.65
CC=C(C)CCl,383.15
Oc1cc(Cl)cc(Br)c1,529.15
CCCCCCCCCCCCN(C)C,533.15
CCC(C)(C)S,372.24999847
CCC=CCC,340.15
Cc1c(F)c(F)c(C)c(F)c1F,416.65
OC(C(F)(F)F)(C(F)(F)F)C(F)(F)F,318.15
CN1C(C)(C)CCCC1(C)C,420.15
Cc1cc(C)c(Br)c(C)c1Br,558.15
CC(C)CNCCO,472.15
C=CC(Cl)Cl,357.55000153
Fc1ccccc1F,367.15
C=CCCCCC(=O)O,499.15
CC(C)CNCC(C)C,412.7500061
CC(=O)N(C)c1ccccc1,529.15
CCc1ccc(N)cc1,490.65
C#CC(O)CCC,415.15
C=C(C)CCl,344.65
COC(=O)C(C)O,418.15
Cc1cccc(C(=O)Cl)c1,492.65
CC(C)NC(C)(C)C,371.15
CCCCCCNCCCCCC,509.15
CCCCCC1CCCCC1,476.8499969
CCC=C(C)C,340.45000305
CC(=O)OCCN(C)C,425.15
CC(C)C(C(C)C)C(C)C,430.2500061
CCC(C)C(C)C(C)O,438.65
CCN1CN(CC)CN(CC)C1,480.65
BrCC(Br)Br,462.0799927
Cc1ccc2cccc(C)c2n1,528.4500031
C1CNC1,336.15
CCN(CC)c1ccc(Br)cc1,543.15
CCCCCN1CCCCC1,471.3499969
CCCCC(=O)C(C)C,431.15
OCc1ccc(F)cc1,483.15
Cc1cc(Cl)c(O)c(Cl)c1,504.15
Cc1ccc(O)c(C(C)C)c1,501.65
COc1ccc(I)cc1,511.15
FCCl,264.049999619
CCC=C(C)C=O,409.65
CC1CCC(C)S1,415.4500031
FC(F)C(F)(F)C(F)(F)C(F)(F)C(F)(F)C(F)(F)C(F)(F)F,369.15
CCCC(=O)C(C)CC,427.15
C#CC(=O)OCC,393.15
O=[N+]([O-])c1ccc(Br)cc1,529.15
CCOC(=O)OC(C)C,403.65
Cc1ccc(Br)c(C)c1,478.15
FC(F)(F)C(F)(F)C(F)(F)C(F)(F)C(F)(F)C(F)(F)C(F)(F)C(F)(F)C(F)(F)I,454.15
CCCCCC(CO)CCC,490.65
COc1ccccc1Oc1ccccc1OC,603.65
CCCCCCCCCCCCCC1CCCCC1,619.15
C=CCC1CCCCC1,430.65
CCN(CC)c1ccc(Cl)cc1,525.15
CCOC(=O)C(F)F,373.15
C=Cc1cccnc1,435.15
CC(C)OC(=O)C(C)O,440.15
Cc1ccoc1,339.15
C1CCC2C(C1)CC1CCCCC12,533.15
Fc1ccccc1C(F)(F)F,387.65
C1CSCCO1,420.15
FC(F)(Cl)C(Cl)Cl,345.05000153
C=CCCCCl,378.15
CCOC(=O)c1ccc(OC)c(OC)c1,568.65
C=CCC(C)C,327.05000153
C=CCCC(C)O,412.15
CC=CC(OCC)OCC,420.65
CCCC(C)CC=O,416.15
CC1CCC(=O)N1C,490.15
CCC1C=CCCC1,407.15
CCCNC(C)C,370.05000153
CN(C)CCON=C1c2ccccc2CCc2ccccc21,435.15
Clc1ccc(Br)cc1Cl,510.15
C=CC(O)CO,469.65
COC(C)(C)OC,356.15
N#Cc1cc(F)c(F)c(F)c1F,437.65
CCCOC(=O)OC,402.5499939
CCOC(=O)OC,383.15
CCC(C)CC(C)C(C)C,433.8499969
CCC(C)C(C)=O,391.15
CC(CC1CCCCC1)C1CCCCC1,557.65
CC(C)C(C)C(C)C,386.65
C#CCOC,336.15
CCCCCCCCCCl,476.65
CCCC(C)(C)C,352.34999695
CCOC(=O)C(C)(C)C,391.7000031
O=C1OC(=O)c2c1ccc(Cl)c2Cl,602.15
Cc1cc(C)cc(N)c1,493.65
CCOCC(=O)OCC,431.15
C[SiH]1O[SiH](C)O[SiH](C)O[SiH](C)O1,407.65
CC(C)CCOC=O,396.65
CCCCC(C)C(C)(C)C,430.9500031
C#CCNC,356.15
NCCNCCO,512.15
CC(C)CC(N)=O,499.15
O=C(O)C1=CCCCC1,514.15
CC(C)C1CCC(C)(O)CC1,481.65
CCCC(Cl)CCl,421.4500031
Brc1ccsc1,423.15
CCOC(OCC)N(C)C,402.15
CCCCOC(=O)C1=CC(=O)CC(C)(C)O1,536.15
FC(Cl)C(F)(F)Br,325.65
O=S(=O)(O)C(F)(F)C(F)(F)F,451.15
Brc1cccnc1,446.15
CC(Cl)(Cl)CCl,397.15
COC(CCl)OC,400.65
CCOC(=O)C(Br)C(C)C,459.15
OCCN1CCNCC1,519.15
Cc1cccc2ccccc12,517.5499939
CC=C(Br)Br,398.15
COc1ccc(S)cc1,501.15
C(=Nc1ccccc1)c1ccccc1,583.15
C=CC1CCCCC1,401.15
c1ccc(-c2ccc3ccccc3c2)cc1,618.65
CCCSCC,391.7499985
C=CC(Cl)(Cl)Cl,387.65
CC(C)(C)C(C)(C)C,379.5500015
Cc1cc(Br)ccc1N,513.15
COCc1ccccc1,443.15
FC(F)(F)N1C(F)(F)C(F)(F)OC(F)(F)C1(F)F,324.15
CCCCCSC,418.2500061
C#CC=CC,325.35000076
CCC(C(C)=O)C(C)=O,451.65
CCCCCOC(=O)OCC,461.15
C=C(C)COC,341.15
Cc1cccc(-c2cccc(C)c2)c1,553.15
C#CCBr,362.15
Cc1ccc(CCO)cc1,517.65
CC1(C)CCCc2ccccc21,494.15
CCC(=O)N(c1ccccn1)C(C)CN1CCCCC1,435.65
Cc1ccc2cccc(C)c2c1,536.15
Cc1cc(Cl)nc2ccccc12,569.15
Fc1cc(F)nc(F)c1,367.65
CCc1ccccc1-c1ccccc1,539.15
Cc1ccc2occc2c1,471.15
COc1cc(N)ccc1C,524.15
CN1C2CCCC1CC2,439.15
ClCC(Cl)(CCl)CCl,484.15
FC(F)(F)C(F)(F)C(F)(F)C(F)(C(F)(F)F)C(F)(F)F,330.74999847
Cc1ccccc1NC=O,561.15
CC(O)C(F)(F)F,348.65
CCOC(=O)C1(c2ccccc2)CCN(CCOCC2CCCO2)CC1,483.15
CCCCC=CC(C)(C)O,450.15
FC1CCCCC1,374.15
C#CCCC#C,359.15
CC1CCCC(C)(C)C1,409.7500061
Fc1cc(F)c(F)cc1F,363.34999695
CCOC(=O)c1ccc2ccccc2c1,581.65
c1ccc(-c2ccccn2)cc1,544.15
CCOC(=O)CCC(=O)OCC,490.8499969
COc1cc(C)cc(OC)c1,517.15
CCOC(=O)C(C)(C)O,423.15
CC(C)C(C)(C)C(C)(C)C,439.2500061
CCCC(Cl)Cl,386.9500031
Cc1cc(C)c2ccccc2n1,538.15
CCN(CC)CCOCc1cc(Br)cc(Br)c1OC,463.15
FC(F)(F)c1ccc(Cl)c(Cl)c1,446.65
Cc1cc(Cl)c2ccccc2n1,542.65
FC(Cl)CCl,346.84999695
CCCOC(=O)CCC,415.65
CCCC(F)(F)C(F)(F)C(F)(F)C(F)(F)C(F)(F)C(F)=C(F)F,423.15
COc1ccc(Br)cc1OC,527.65
Cc1cc(C)c(C)c(C)n1,476.15
COC(=O)C(F)(F)C(F)(F)C(F)(F)C(F)(F)C(F)(F)C(F)(F)C(F)(F)F,431.15
O=C(OC(Cl)(Cl)Cl)C(Cl)(Cl)Cl,464.65
c1csc(-c2cccs2)c1,533.15
C=CCCC(C)=O,402.65
C=CC[Si](C)(C)C,359.15
Fc1c(F)c(F)c(CBr)c(F)c1F,447.65
Sc1cccc2ccccc12,558.15
CCCCCCC(=O)CCC,479.65
COCC(F)F,321.65
CCC(Br)Br,406.65
CCC(O)CNCC(O)CC,529.15
COCC(COC)OC,421.15
COC(=O)C1CC1,388.0500015
C=CC(CC)CC,357.24999847
Cc1cccc(Oc2ccccc2)c1,545.15
ClCCCCCCCl,477.15
CCC(C)CC=O,394.15
CCCC(C)(C)C(C)=O,422.15
CCCCCCCCNCCCCCCCC,570.65
C=CCc1ccc(O)cc1,511.15
CC(C)CCOC(=O)OCCC(C)C,507.15
C=CC#CC=C,358.15
CCCC(=O)C(C)C,408.15
Cc1cc2ccccc2o1,470.65
COc1ccc(N=Nc2ccccc2)cc1,613.15
CCc1cc(C)cc(CC)c1,478.15
Nc1ccccc1Br,502.15
c1ccc2[nH]ccc2c1,527.15
C=CCC(C(C)=O)C(C)=O,472.15
NCC1CCCO1,426.15
C=C[N+](=O)[O-],371.65
Clc1ccc2cccc(Cl)c2c1,558.65
Cc1ccc(C)c2ncccc12,539.15
COC(=O)CCC#N,484.15
Cc1cc(C)cc(Br)c1,477.15
O=C1CCCCC1C1=CCCCC1,538.15
CCCCCCC(C)(C)O,451.15
CC1Cc2ccccc2O1,470.65
CC(C)(Cl)Cl,342.45000305
CC(C)CCBr,393.5500015
FC(F)(F)C1(F)C(F)(F)C(F)(F)C(F)(F)C(F)(F)C1(F)C(F)(F)F,374.65
CC=Cc1ccc(OC)c(OC)c1,543.65
FC(F)COC(F)F,328.44999923999995
CCCCC(CC)CNC1CCCCC1,543.15
CCOC(=O)C(CC)(CC)C(C)=O,489.15
CC(Br)C(C)(Br)Br,479.15
Cc1ccc(CC=O)cc1,494.65
CC=Cc1ccc(O)c(OC)c1,539.15
CNC(C)C,323.55000153
FC(F)(F)C(F)(F)I,286.15
CC=C(Cl)CCl,403.65
CCOC(CCl)OCC,430.5499939
Clc1cccc(-c2cccc(Cl)c2)c1,593.15
CCOc1ccc(Cl)cc1,486.15
CC(CC(C#N)(c1ccccc1)C(C)C)N(C)C,415.15
CN1CCCC1,354.15
O=C(C(=O)c1ccccc1)c1ccccc1,620.15
COc1ccccc1CO,522.15
CC(C)CCCO,425.0499939
ClCc1ccc(Cl)cc1Cl,521.15
ClCC(Cl)(Cl)CCl,438.15
CCC(CC)C(CC)CC,437.0499939
CCOCC(C)CC,382.15
Cc1ccc(-c2ccc(C)cc2C)c(C)c1,560.15
CCOC(=O)c1ccc(C(=O)OCC)cc1,575.15
CCC(=O)CO,433.15
c1cncc(C2CCCCN2)c1,549.15
COc1ccc(C(C)=O)cc1OC,560.15
C=C(CCl)CCl,411.15
CCCC=CC(=O)OCC,447.65
CN1CSCSC1,458.15
ClC(Br)Br,393.15
Cc1ccc(C=O)c(O)c1,496.15
CCC(Br)C(=O)Cl,424.15
CC1CCCC1C,372.65
Ic1ccccc1I,560.15
Cc1ccc(C(=O)c2ccc(C)cc2)cc1,607.15
NCC1CCCC(CN)C1,493.15
FC(F)(F)c1ccc(Cl)cc1Cl,450.6700043
CCC(C)CC(C)CC,409.15
CCC(Br)CBr,439.4500031
CCCOC(=O)CCC(=O)OCCC,523.9500031
CCCC(C1CCCCC1)C1CCCCC1,566.15
CCOc1ccc(I)cc1,523.15
CCc1ccc(CC)c(CC)c1,491.15
CC(C)(C)c1cccc2ccccc12,552.15
CC(CCO)C(F)(F)F,412.65
CCC(=O)C(C)(C)C,398.7499985
O=CCCc1ccccc1,497.15
CCCc1ccc(O)cc1,505.7500061
CCCC(O)C(C)C,414.15
CC(C)c1ccncc1,451.15
C#CCCCCCCCC,447.15
CCCCCCOC(=O)CCCC,499.4500031
CCCCOc1ccc(C)cc1,502.65
CCC(C)N(C(=O)SCc1ccccc1)C(C)CC,404.15
CCCCCCO[N+](=O)[O-],444.15
CCCc1ccncc1,458.15
CCCCCCCC(C)C,440.2500061
CC1C(=O)CC2(C(C)C)CC12,476.15
Clc1cc(Cl)c(Cl)cc1Cl,517.65
O=C(CCl)c1ccc(Cl)cc1,543.15
Oc1cccc(-c2ccccc2)c1,573.15
BrCCCCCCCBr,536.15
C=C1C=CC(C(C)C)CC1,444.65
C#COCC,323.15
CCNc1cccc2ccccc12,578.15
c1ccc(C2CCOCO2)cc1,520.15
C=Cc1ccccc1Br,482.3499969
FCCCCBr,408.15
CCC(C)C(=O)O,449.65
FC(F)(F)C(F)(F)C(F)(F)C(F)(F)C(F)(F)C(F)(F)Br,371.15
CC(=O)CCCC(=O)O,547.65
CCC(=O)c1cccc(C)c1,508.15
COc1ccc(N)c(C)c1,521.65
CCOC(=O)CC(C)C,408.15
C1=CCSC1,395.5500015
CCCCNCC,380.65
COC(CBr)OC,422.15
O=C1CC=CCC1,443.15
CCC(C)CC(O)CC,445.15
OCCCCC(F)(F)F,420.9
COC(=O)OC(C)(C)C,402.15
CC1OCCO1,354.65
CC(CCl)CCl,409.5499939
CCOc1ccccc1N,505.65
C#CC=CC=C,356.65
CC1CNCC(C)C1,417.15
CC(N)CO,447.15
CC(C)(C)CC1(C)CO1,414.0499939
CCCc1cccc(CCC)c1O,529.15
FC(F)=C(F)C(F)(F)C(F)(F)C(F)(F)C(F)(F)F,330.15
CCC(=O)OC(C)C,382.65
Cc1ccncn1,415.15
CC(C)C(O)CO,479.15
CC(=O)N(C)C(C)=O,468.15
CC=Cc1cccc(OC)c1O,540.65
CC(C)c1ccc(N)cc1,498.15
CNP(=O)(OC)Oc1ccc(C(C)(C)C)cc1Cl,390.15
Fc1c(Cl)c(F)c(Cl)c(F)c1Cl,471.5499939
O=C(O)C(F)(F)C(F)(F)C(F)(F)F,394.15
CC(C)ON=O,313.15
O=C(Cl)c1ccc(Br)cc1,519.15
Cc1ccc2cnccc2c1,538.65
C=COCCC,338.15
CCCCCCCCCCCCCCCCCl,595.15
C#CC(C)(C)C,310.85000076
CC(C)=NN=C(C)C,406.15
CCCC1CCCC1,404.15
Cc1cocn1,361.15
C=COC=C,301.44999923999995
CCC(C)=CCl,369.65
FC(Cl)C(F)Cl,319.94999923999995
CC=CCCl,346.15
Cc1cccc2cccc(C)c12,543.15
Cc1cnc(C)c(C)c1,457.15
C[Si](C)(Cl)O[Si](C)(C)Cl,411.15
FC(F)=C(F)I,303.15
CCCC(CC)CC,391.7499985
c1ccc2c(c1)Sc1ccccc1S2,638.15
CCCC(O)(CC)CCC,455.15
CC(C)CO[N+](=O)[O-],396.5500015
CCCC=C(CCCC)CCCC,488.65
CC(C)(C)CC(C)(C)N,410.15
Cc1cc(C)ncn1,432.15
Cc1cc(C)c(N)cc1C,507.65
Cc1ccc(C)c2occc12,489.15
CCCCCCCCCCCCCCCCS,607.15
C#CCCCCCCCCCCCCCCCCCC,613.15
CCC(=O)c1ccc2ccccc2c1,586.15
NCc1ccccn1,476.15
C=CCSC,365.15
C[Si](C)(C)CBr,389.65
CCCCCCCCCCCCCCCl,565.15
CCC=C(C)CC,385.65
CCCCCBr,402.9500031
C=C(C)C(C)(C)C,351.05000153
NCC(F)(F)F,310.65
CC1Cc2ccccc2C1,468.15
CCC=C(C)C(=O)O,487.15
Clc1ccc(-c2ccc(Cl)cc2)cc1,590.15
O=C(Oc1ccccc1)Oc1ccccc1,579.15
CCNCCN,402.15
CCOCCN,381.15
CCOc1cccc(F)c1,445.15
CC(C)CC(=O)O,449.65
CC1(C)CC(=O)CC(C)(C)N1,478.15
Cc1cccc(N)c1C,494.65
C=CCN,326.44999923999995
C=COCCOCCOC=C,471.15
CC(C)OCOC(C)C,391.15
C#CC(=C)C,305.15
CC(=O)C1CCC1,411.15
CCC1C=CCC1,370.95000305
CC(Cl)Br,356.15
CCCc1ccc(OC)cc1,484.65
Cc1ccc(CC(C)C)cc1,469.15
CC(C)CCC(C)C(C)C,429.15
Cc1cc(OC(=O)N(C)C)n(-c2ccccc2)n1,433.15
CN1CCN(C)CC1,404.15
CCCC(C)=C(CC)C(C)=O,463.15
CCOC(=O)C=C(C)C,426.65
COC(=O)c1cccc(OC)c1,521.15
C=C1CC2CC1CC2(C)C,425.15
CCC(=O)OC1CCCCC1,466.15
CCCC(C)(O)C(C)(C)C,443.15
CC#CCCCCCCCC,477.3499969
CCOC(=O)C(F)Cl,402.15
CCc1cnccc1C,471.15
Oc1ccc(Nc2ccccc2)cc1,603.15
FC(F)(F)C1(F)C(F)(F)C(F)(F)C(F)(C(F)(F)F)C(F)(F)C1(F)F,373.65
O=C(Cl)C(Cl)=C(Cl)Cl,431.15
Cc1ccc(C(C)c2ccc(C)cc2)cc1,570.65
C=CC[N+](=O)[O-],400.65
CCNCCO,442.65
CC(C)c1ccc(C(C)C)c(C(C)C)c1,517.15
Cc1cc(C)c(C)c(O)c1,503.65
FC1(F)C(F)(F)C(F)(F)C(F)(F)C(F)(F)C1(F)F,323.74999847
Clc1ccccc1Br,477.15
CCCCCCC(=O)OCCCCC,518.5499939
CCN(CC)CC(=O)Nc1c(C)cc(C)cc1C,460.15
C#CC(C)C,299.44999923999995
c1ccc2c(c1)Cc1ccccc1S2,614.15
C=COC(=O)CC,364.34999695
CCCC(C)CC(C)C,406.0499939
C=CCOC(=O)C(=O)OCC=C,490.15
Cc1cnc(C)c(C)n1,444.65
CC(C)(C)[SiH2]C(C)(C)C,401.15
COC(=O)C=Cc1ccccc1,533.5499939
CC(=O)N(C)c1ccccc1C,533.15
CC=CC1CCCC1,398.15
COCCC#N,436.15
CCC[Si](C)(C)C,363.15
C=CCC(O)CC=C,424.15
CCC(C)(Br)CC,403.15
CC1CC(C)CC(O)C1,460.15
CCCCCCCCCCC1CCCC1,552.15
CC=CC(C)(C)O,385.15
BrCCC1CCCCC1,485.15
CCOCC1CO1,401.15
Nc1cccc(N)c1,558.15
FC(F)CBr,330.44999923999995
Nc1ccccc1,457.3199982
C=CCCCBr,398.65
c1ccc2c3c([nH]c2c1)CCCC3,600.65
COc1ccc(Cl)cc1Cl,505.15
CCc1cc(C)cc(C)c1,456.7500061
COC(=O)CCCCl,448.15
CC(C)(C)OC(=O)C(F)(F)F,356.15
CCCCCCC(=O)OCCC,481.15
BrCCCCCBr,495.4500031
CCc1ccc(OC)cc1,471.15
C=C(C)CCC(=C)C,387.4500031
CCN(C=O)CC,450.65
Nc1ccccc1Cl,481.9500031
CC(C)C(=O)OC1CCCCC1,477.15
C=COC(C)C,328.65
CC(Cl)(CCl)CCl,435.65
CCC(C)OC=O,370.15
CCCCCCCCCCCCCC(C)O,572.15
CCC1(O)CCCCC1,439.15
O=C(O)c1ccccc1Cl,560.15
Brc1ccc(I)cc1,525.15
CCCCCCCCCCCCCCCCCCC1CCCCC1,682.15
O=C(C(F)(F)Cl)C(F)(F)Cl,317.15
CCCOC(=O)OCCC,441.15
CCCCCCCCCCCCC(C)O,557.15
Cc1ccccc1NCc1ccccc1,575.65
CC(C)(Cl)C=O,363.15
FC(F)(Br)C(F)(F)C(F)(F)C(F)(F)C(F)(F)C(F)(F)C(F)(F)C(F)(F)Br,453.15
CC1=CCCCC1,383.4500031
CCC(C)COC,363.05000153
C1=CCCCCC1,388.15
CCCCCCCCCCCCCCC1CCCCC1,633.15
C=CCOC(=O)CC,397.15
CC1=C(C)CCC1,378.9500031
CCCCCCCCC1CCCCC1,537.15
Cc1ccc(CC#N)cc1,515.65
CC(=O)C1CCCCC1,453.65
CCOP(C)(=O)OCC,465.3499969
COc1ccccc1Br,489.15
CC=COCC,340.15
CCC1CCCS1,430.15
CCOCCCCOCC,430.15
c1cocn1,342.65
CCCCCCI,454.15
CC=CC(C)CC,360.74999847
CC=CC=CC,353.15
ClC=CBr,357.74999847
CCCCCCF,364.65
C=CC(O)CCl,418.65
BrOc1ccccc1,467.65
CCC#CCCCC,406.2500061
C#CC(O)CC,398.15
C1CC12CC2,312.15
CCCCC(O)CCC,448.15
CCCCCCOc1ccccc1,513.15
CC(Br)C(Br)Br,473.65
CCCCCCC(O)CCCCC,498.15
CC(=O)c1ccc(C)c(C)c1,519.65
CCCCCOCOCC,434.65
CCc1ccc(C(C)C)cc1,469.7500061
CCCCCCCOC(=O)CC,483.15
Clc1ccc(C(OCCN2CCCCC2)c2ccccc2)cc1,452.15
ClC(Cl)(Br)Br,423.3499969
CC=C(C)Br,377.65
CCC(C)CC(C)(C)CC,428.8499969
C1=CSCC1,385.2499985
CCCOC(=O)C(=O)OCCC,484.15
COCC(C)(C)C,353.65
ClCCC(Cl)(Cl)Cl,430.15
CC(C)C(=O)C(=O)C(C)C,417.65
CC(C)(C)Oc1ccccc1,458.65
CCCC(=O)c1ccccc1,501.65
CCCCCOc1ccccc1,473.15
CC(C)(C)C(=O)C(C)(C)C,425.15
C=C(C)C1CC=C(C=O)CC1,513.15
CCc1cccc2c1CCCC2,518.15
CC(C)OC(C)(C)C,360.42999878
CC1CCCC(Br)C1,454.15
CCCCI,403.7500061
C[SiH](C)C,279.849999809
Cc1ccnc(C)c1C,465.65
CCCCCCCCCN,475.3499969
COC(=O)c1cccc(I)c1,550.15
CC1CC1C(=O)O,464.15
C#CCCCCCCCCC,469.15
Cc1cc(C)cc(-c2ccccc2)c1,547.65
CCC(C)(CC)C(=O)O,480.15
Clc1ccc(Cl)c(Br)c1,499.15
Cc1ccno1,395.15
c1ccc(-c2ccc3ccccc3n2)cc1,636.15
CCN=C=S,404.65
COC(=O)c1cc(C)ccc1O,517.65
CC(C)(C)C#N,379.2499985
N#Cc1ccc(Br)cc1,509.15
CCCC(C)CC(C)CC,432.5499939
CC1=CCCC1,348.65
c1ccc(CCCCc2ccccc2)cc1,590.15
CC(C)C(=O)c1ccccc1,493.15
COc1c(Cl)ccc(Cl)c1Cl,500.15
Cc1cccnc1C,434.3499969
Fc1c(F)c(F)c(Br)c(Br)c1F,471.15
CC(C)(C)c1ccncc1,469.65
COCCCN,390.65
C=C1CCCCC1,375.65
CC(C#N)c1ccccc1,504.15
CCOC(C)(C)CC,374.7000031
CCOc1ccc(C)cc1,461.65
ClCCI,413.15
COc1cccc(C)c1C,472.15
CCCCC(CC)COCCO,502.15
CCOC(=O)CC(=O)C(C)C,446.15
CC=C(C)CCC,368.74999847
COc1ccccc1OCCOCCOCCN1CCCCC1,464.65
O=Cc1cccc2ccccc12,565.15
CCCOC(=O)OC(C)C,428.5499939
CCCCSC#N,459.15
CC1(C)C2CCC1(C)C(Cl)C2,480.65
CC(=O)C(C)Cl,388.15
CC(C)C(C)CC(C)(C)C,421.0499939
Cc1ccc(N)cc1Br,528.65
c1ccc(-c2ccc(-c3ccccc3)o2)cc1,617.15
CC1CCC(O)CC1C,462.15
CCCCCCC(=O)CCCC,500.15
CCC=CC(C)(C)C,373.9500031
FC(Cl)C(Cl)(Cl)Cl,389.65
FC(F)=C(F)Br,272.15
CCOC(=O)CCC(C)C,436.15
CC(Cl)C#N,394.15
FCC(F)F,278.15
ClC(Br)C(Cl)Br,468.15
CCC(CC)CC(C)C,406.9500031
Clc1ccc(Cl)s1,435.15
O=C(OCCN1CCCCC1)C(c1ccccc1)N1CCCCC1,462.15
C=CCC#N,392.15
CC(C)CCCCO,443.15
CC(=O)CC(=O)OC(C)C,459.15
COC(=O)C(C)C(C)=O,450.5499939
c1ccc(Sc2ccccc2)cc1,569.15
CCC(C)CC(C)=O,417.65
Cc1ccc2c(C)cccc2c1,537.15
CCN(CC)CCCN,441.65
COCC(=O)OC,404.15
O=Cc1ccccc1Br,503.15
OCc1ccc(Cl)cc1,508.15
CC#CC(=O)O,476.15
OCCc1ccccc1,491.3499969
Clc1ccc(Br)c(Cl)c1,508.15
CC(C)(F)F,272.74999999399995
CCOC(=O)C1CCC1,432.15
C1=CCOC1,339.65
CC(C)CCC(CO)C(C)C,484.15
NC1CC1,323.65
C#CCI,388.15
FC(F)(Br)C(F)(F)C(F)(F)C(F)(F)Br,370.15
O=[N+]([O-])c1ccccc1Br,531.15
CC(C)=CCC(C)C,385.3499969
CCCCCCCCC(=O)CC,500.15
FC(F)(F)c1ccc(Cl)nc1,426.15
C=CCC(C)C(C)C,382.15
CC(=O)CC(C)C(C)=O,469.15
O=C(Cl)CCCl,417.15
CN1CCNCC1,411.15
CC(C)=C(C)C,346.45000305
CC1CC1C,310.15
C#CCN,356.15
CC(C)C(C)(C)C,353.95000305
CCSC(=O)N(CC(C)C)CC(C)C,411.15
COCC(C)Cl,372.15
COCCOCCOCCOCCOC,548.4499877999999
O=C(CCl)c1ccccc1,520.15
N#Cc1ccccc1Cl,505.15
CC=Cc1cc(OC)c(OC)cc1OC,569.15
CCN(C(C)C)C(C)C,399.65
CCCCC(C)(C)CO,445.65
COC(=O)CCO,452.15
CNCCN,388.15
Cc1cccc(C)c1C(=O)O,547.65
C=C(CC)CCCC,393.15
CCCCC=CCCCCC,465.15
CCC=CCCC,368.95000305
COC([SiH3])OC,334.15
FC(F)Br,257.65
CC(N)Cc1ccccc1,476.15
CC#CCC(C)C,375.65
CCOC(OCC)c1ccco1,464.65
FCCCF,314.74999847
CN(C)CCOC(C)(c1ccccc1)c1ccc(Br)cc1,439.15
CCOC(=O)C(Cl)(Cl)Cl,440.65
FC(F)=CCl,254.65
O=[N+]([O-])N1CCCCC1,518.15
ClC=CCl,328.15
CC(C)CCCCC(=O)O,498.15
Brc1ccoc1,376.15
CC1=NCCO1,384.15
O=[N+]([O-])c1ccc(F)cc1,478.15
CN1CCOCC1,389.15
CCCCOCCC,391.2499985
CCCOCC(C)C,379.15
CCNc1ccccc1C,489.15
C=CCCCCCCCCCCCCCCCCC,602.15
SCCCCS,468.65
CC(CO)CC(F)(F)F,405.65
FC(F)(F)c1ccc(Br)cc1,433.15
CC1CCc2ccccc21,463.7500061
C#CCCCCCCCCCC,488.15
Cc1ccc(C(C)C)c(O)c1,506.15
Cc1cc(C)c(O)cc1C,505.15
CCCCCCCCOC(C)=O,483.15
C1C2CC2C2CC12,378.15
CCCC(C)N,365.15
Cc1cccc(O)c1O,514.15
CC1(C)CCOCO1,406.15
FC(F)(F)C1(F)C(F)(F)C(F)(C(F)(F)F)C(F)(F)C(F)(C(F)(F)F)C1(F)F,398.15
Oc1c(Cl)cccc1Cl,493.15
Cc1ccc(Cl)c(Cl)c1Cl,517.15
Fc1c(F)c(F)c(Br)c(F)c1F,410.15
Nc1ccc(Cl)c(Cl)c1Cl,565.15
CC1(O)CCCCCC1,456.65
Cc1cc(Cl)nn1C,484.15
C=CC#CC,332.65
Cc1ccsc1C,414.7500061
CC(C)CCCCC(C)C,433.0499939
CC1CCCCO1,375.65
CC1CCO1,332.15
CC(C)CCOC(=O)C(C)C,441.65
CCOCOCOCC,413.7500061
CC(C)(C)OCl,350.65
CCCC(Br)CC,415.15
C=CCF,270.15
Fc1cccnc1,380.65
CCN(C(C)=O)C(C)=O,470.15
CCCC(CC)CCC,414.3499969
CCP(Cl)Cl,385.15
CC(C)C1CC1,331.44999923999995
CCCCCCCC(=O)OCCCCC,533.3500122
CCO[Si](OCC)(OCC)O[Si](OCC)(OCC)OCC,504.15
CCCC(C)(CC)CCC,433.9500031
Cc1cc([N+](=O)[O-])cc([N+](=O)[O-])c1,588.15
CCOCCOC,376.9500031
CCC(Cl)C(C)Cl,412.15
CCCCCNCCCCC,475.65
CCC(Br)=CBr,423.15
CCCCCCCCCCCCCN,548.9499877999999
CCCCCCCC1CCCCC1,517.15
Cc1ccc2nc(C)cc(C)c2c1,553.15
Cc1ccccc1C(=O)c1ccccc1,581.15
COc1cc(Cl)ccc1N,533.15
FC(F)(F)c1cccc(Cl)c1,410.65
CC(C)(C)CBr,379.15
c1cncc(-c2cccnc2)c1,564.65
CC(C)=C(C)Cl,369.15
Cc1ccc(N)nc1,500.15
CC(=O)CCCC(C)C,440.15
C=CCc1ccccc1C,455.65
CC(C)C(C)C(=O)O,464.8499969
CCOc1ccccc1[N+](=O)[O-],540.15
CCCCC(CC)CC,416.15
Cc1ccc(-c2cccc(C)c2)cc1,562.15
CC=CCCC=CC,397.65
NCc1ccncc1,503.15
CC1=CCCCCC1,409.15
CCOC(CC)(OCC)OCC,444.15
Cc1cnc2ccccc2c1C,564.15
Cc1cccc(Cl)c1Cl,480.65
CCCNC,335.15
OCc1c(F)c(F)c(F)c(F)c1F,454.15
CCOC(=O)C(C(C)=O)C(C)=O,483.15
NC(c1ccccc1)c1ccccc1,577.15
CCOc1ccc(F)cc1,446.15
FC(F)(F)COCC(F)(F)F,337.05000153
CC(CN1c2ccccc2Sc2ccccc21)N(C)C,463.15
C=CC(C)(O)CC,390.15
C[Si](C)(C)O[Si](C)(C)O[Si](C)(C)O[Si](C)(C)C,467.15
CC(O)C1CC1,396.65
CCCCC(C)c1ccccc1,481.15
Cc1ccccc1Oc1ccccc1,536.65
CCCCCCC(C)=O,445.65
CC12CCC(CC1)C2(C)C,434.15
C1CCCCCCC1,422.15
OCCC1CCNCC1,500.65
c1ccc(NC2CCCCC2)cc1,552.15
C=CCC(C)O,389.15
C1=CCc2ccccc2C1,484.65
CC(C)=CC(C)C,356.55000153
CCCC(C)(O)CC,416.15
CCCCCCC(O)CCC,483.65
CCCCCF,335.94999923999995
C[Si](C)(Cl)O[Si](C)(C)O[Si](C)(C)O[Si](C)(C)Cl,495.15
Cc1ccc(OC(=O)c2ccccc2)cc1,589.15
O=[N+]([O-])c1ccccc1I,563.15
CCCCCN(CCCCC)CCCCC,515.65
CC(C)CCCC(C)(C)C,422.0499939
CCCCC(C(C)=O)C(=O)OCC,494.65
O=[N+]([O-])C=Cc1ccccc1,528.15
CCN(CC)c1ccc(N)cc1,534.15
CC(Cl)OC(C)Cl,389.65
FC(F)(F)C(F)(Cl)C(F)(F)Cl,307.24999847
N#Cc1ccccc1Br,525.15
CCC(C(=O)OCCN(CC)CC)c1ccccc1,441.15
CCOC(=O)COC,415.15
CC(C)(C)CCC(C)(C)C,410.5499939
CCc1cccc(N)c1,487.15
c1ccc(CNc2ccccc2)cc1,579.65
CC(C)OCCOC(C)C,415.15
O=Cc1ccc(F)cc1,454.65
CCCCSCC,417.4500031
C=C(C)c1cccc(C(=C)C)c1,504.15
CCO[Si](CCCCl)(OCC)OCC,493.15
ON=C1CCCCC1,479.15
C1=CCC=CC1,358.65
CCC(C)CCc1ccccc1,493.15
Cc1cc(C)cc(CO)c1,492.65
FC(F)(F)C(F)(F)Br,252.15
c1ccc(-c2ccc[nH]2)cc1,545.15
CCC(C)(C)c1cc(C)cc(C(C)(C)CC)c1O,556.15
CCCCC(=O)c1ccc(C)cc1,528.65
Cc1cc(C(C)(C)C)cc(C(C)(C)C)c1O,542.15
Cc1cc(O)c(Cl)cc1Cl,507.15
CCCCN1CCCC1,427.65
FC(F)(F)C(F)(F)C(F)(F)C(F)(F)C(F)(F)F,301.65
COc1ccccc1F,427.65
C=C(C)C1CCC=C(C)C1,449.15
C=COCCOCCO,469.15
CCCCC(CC)CCl,445.15
OCc1cccs1,480.15
CCCCCCCCCCC1CCCCC1,572.15
CCCCCC(C)(C)CC,434.3499969
C=CCc1ccc2c(c1)OCO2,507.65
CCCCCCCOC(=O)CCCC,518.3499969
O=C(O)CC1CCCCC1,518.15
CCc1c(C)c[nH]c1C,472.15
CCOC(CC)OCC,396.15
Cc1ccnc(Cl)c1,465.15
Oc1ccc2c(c1)CCC2,526.15
CC(=O)Oc1ccc(C)cc1C,499.15
CC(C)(C)CC(C)(C)S,433.15
CCCC(C)(O)CCC,434.15
CCC(Br)(Br)CBr,486.9500031
CCCCC(C(=O)OCC)C(=O)OCC,510.65
C=CCc1cccc(C)c1O,505.15
c1ccc(-c2ccccc2)cc1,529.2500061
FC(F)C(F)(F)C(F)Cl,301.25000038
CCOC(=O)C(C(C)=O)C(C)C,474.15
CN(C)c1ccc(Cl)cc1,504.15
O=C(O)CBr,481.15
CCc1ccccn1,421.7500061
Sc1ccccc1Cl,478.65
COc1c(F)c(F)c(F)c(F)c1F,411.65
CC(C)(C)C(=O)c1ccccc1,493.15
CC(C)OC(=O)CCl,423.65
c1ccc2ncncc2c1,514.15
C=C(CC)c1ccccc1,455.15
CC1CCCC(C)N1,400.15
Cc1ccc(C(C)C)cc1O,510.8499969
COCCc1ccccn1,476.15
Clc1cnc(Cl)c(Cl)c1,492.15
CC(C)(C)c1ccc(Br)cc1,504.65
CC(=O)C(C)(C)O,413.65
CC1(C)CCC(C)(C)O1,385.15
C[Si](C)(C)O[Si](C)(C)O[Si](C)(C)C,426.15
CCCCCCC(=O)Cl,418.15
CCCC=CC(C)C,385.15
C=CC#CCCC,383.15
CCC(C)(O)C(C)C,412.8499969
CCCC(C)C(C)C,388.7499985
CC(C)Sc1ccccc1,481.15
CCN=Cc1ccccc1,469.15
Cc1cccc2ncccc12,535.8500122
O=C(CCl)C(Cl)Cl,445.15
Cc1ccc(C(=O)Cl)cc1,499.15
C=CCCC(C)CC,386.4500031
CC1=CC(=O)CCC1,474.15
O=c1cccco1,480.65
Cc1c(Cl)cc(Cl)c(Cl)c1Cl,549.65
CCOC(=O)CCCC(=O)OCC,509.65
C=C(Cl)C(C)Cl,385.15
CCCc1cccs1,431.15
CCC(=O)OCC(C)C,410.15
CC(=O)CC(C)C,389.65
N#CCCCBr,479.15
FC1C(F)(F)C(F)(F)C(F)(F)C(F)(F)C1(F)F,335.15
CN1CCC(O)CC1,473.15
Cc1cc(Br)cc([N+](=O)[O-])c1,542.65
CCc1cccc(C)c1,434.4500031
Cc1ccc(NCc2ccccc2)cc1,592.15
C=COCCC(C)C,385.65
CCCCC(C)S,415.15
Cc1ccc(O)cc1Cl,501.15
CCC(CC)CC,366.65
O=Cc1cc(Cl)cc(Cl)c1,513.15
O=C(C(F)(F)F)C(F)(F)Cl,281.15
CCOC(=O)C(C#N)(CC)CC,487.65
Cc1cc2ccccc2nc1C,536.15
CC1CCCCCC1,407.15
CCCCCC(=O)OCCC,460.15
COc1ccc(CN)cc1,509.65
CC(Cl)C(C)Cl,391.15
CCCCC(=O)Cl,382.15
SCc1ccco1,430.15
CCCCCC(=O)O,478.3499969
C1=CCC1,275.15
CCCCCCCl,408.15
C#CCCC(C)C,365.15
C#CCCCCC#C,408.65
CC(C)OC(=O)C(Cl)(Cl)Cl,448.15
CCC(N)CC,362.15
C#CCCC,313.24999847
Cc1ccccc1CCl,471.15
CCC(=O)C(=O)CC,403.15
C=C(Cl)C#N,361.65
CC(C)CCO[N+](=O)[O-],417.15
C1=CCCCCCCCC1,468.15
CC1CCCC(C)C1=O,448.15
Clc1ccccc1I,507.65
CN(C1CCCCC1)C1CCCCC1,538.15
COC(C)(OC)OC,381.15
C=CCCBr,371.65
CCc1cccc(-c2ccccc2)c1,556.65
Cc1cc(C)c([N+](=O)[O-])cc1C,538.15
CCCCC(=O)OC(=O)CCCC,500.15
c1ccc(-c2cccnc2)cc1,545.15
O=C(O)CCc1ccccc1,552.9499877999999
CC1=CCOCC1,390.65
CCC(C)CCC=C(C)C,436.15
CCOC(=O)c1ccccc1OC,534.15
Cc1cccc(Br)c1C,487.15
CCOC(OCC)C(Cl)Cl,456.65
FC(Cl)(Cl)C(Cl)(Cl)Cl,408.15
CCOC(=O)c1ccncc1,492.65
CC(C)CCN(CCC(C)C)CCC(C)C,508.15
O=NN1CCOCC1,498.15
O=C(O)C(F)Cl,435.15
Cc1ccc2c(c1)CCCC2,502.15
C=CCCCl,348.15
CC[Si](O)(CC)CC,427.15
CCCCOCOC,392.65
CC(=O)c1ccc(C)cc1C,501.15
CCC1CCCO1,382.15
Cc1ccc2cc(C)ccc2c1,535.15
CC=CC(O)CCCC,448.15
CC(CN1c2ccccc2Sc2cccnc21)N(C)C,445.65
CCCCCCCF,391.0500015
Cc1ccc2c(c1)CCC(C)C2,513.15
C#CC(C)(C)O,377.15
CN(C)c1ccccc1N,491.15
CCCc1ccc(N)cc1,498.15
CCOC(F)(F)C(F)F,330.65
c1ccc(COc2ccccc2)cc1,559.65
CCCC=C(C)C,368.55000153
Cc1ccc(Cl)cc1[N+](=O)[O-],515.15
CCC(C)(CC)CC(C)C,434.2500061
C=CCCCCCCCCCCCCCCC,573.15
CCCC(=O)C(=O)CCC,441.15
C=CCCC(C)C,358.45000305
CCOC(=O)C(C)(C)Br,436.15
N#Cc1cccs1,465.15
Cc1cnc(C)o1,390.65
Clc1nc2ccccc2s1,521.15
CCC#CC(C)C,368.34999695
OCc1cccc(F)c1,474.15
CCCCCCCC(=O)CC,476.15
CCCC(C)S,386.0500015
CCC(O)C(C)C,399.65
CNc1cccc2ccccc12,567.65
CCCCC(CC)C(C)C,436.15
CC(C)C=CCl,360.15
C1CCCCCCCCC1,475.15
FC(Br)C(F)(F)Br,349.15
CCC1(C)CC1,329.94999923999995
Clc1ccc2ccccc2c1Cl,569.65
CC1=CC(=O)CC(C)C1,481.65
CCO[Si](C)(C)C,349.15
O=C(Cl)C(F)(F)C(F)(F)C(F)(F)F,311.65
Cc1cccc(C)c1Br,476.65
CCC(Oc1ccccc1)C(=O)O,531.15
FCCBr,344.65
CC1CCCCN1,393.15
C=CCCC=C,332.55000153
C=C(Cl)CC,331.65
CC#CC(=O)OCC,436.15
C=CC1CO1,341.15
c1ccc2sccc2c1,494.15
CCCCCCCCCCCCCCCC#N,606.15
CC1(C)CC=CC1,361.15
c1ccc(Cc2cccc3ccccc23)cc1,623.15
CCOC(=O)C(=O)Nc1ccccc1,553.15
COc1cc(Cl)c(Cl)cc1Cl,527.15
CCCCC(C)(C)CCC,430.65
CCOC(=O)c1cccc(Br)c1,534.15
c1ccc2sc(SN(C3CCCCC3)C3CCCCC3)nc2c1,473.15
C=CCC(C)(C)C,345.65
FC(F)(F)C(F)(F)C(F)(F)C(F)(F)C(F)(F)C(F)(F)C(F)(F)C(F)(F)Br,414.15
CC(C)CCOC(=O)CC(C)C,463.5499939
CCCCCCCCCCCCCCCC1CCCCC1,646.15
CCCCC(CC)COC(=O)Cl,480.15
Cc1cc2ccccc2[nH]1,545.15
FC(F)(F)C(F)(F)C(F)(F)C(F)(F)C(F)(F)C(F)(F)C(F)(F)C(F)(F)C(F)(F)F,396.15
COC(=O)c1ccc2ccccc2c1,563.15
OC1CC=CCC1,437.15
CC(C)(O)CCO,475.65
CC(Br)CBr,415.0499939
CCCC(=O)c1ccc(C)cc1,524.65
C1CCC(CCCCC2CCCCC2)CC1,578.15
CC(C)CCC(C)C,382.2499985
CCC(=O)Br,375.15
CC(C)(Oc1ccc(Cl)cc1)C(=O)OCc1cccnc1,453.15
C=CCOCCO,431.65
Fc1cc(F)c(F)c(F)c1,357.55000153
CN(C)CCOC(C)(c1ccccc1)c1ccc(Cl)cc1,425.65
C=C(C)CCC(C)=O,423.15
CC1(C)CC(N)CC(C)(C)N1,461.65
CCC1=CCCCC1,410.15
Cc1cc(C)cc(C(C)(C)C)c1,480.15
CCO[Si](C)(C)c1ccccc1,472.65
Clc1cccc(Br)c1,469.15
CC#CCCC,357.65
CCCCCOCC,391.15
CC(C)(C)C=O,350.65
CC(C)CCCC(C)N,428.15
Cc1cccc2cc[nH]c12,539.15
O=CN1CCOCC1,512.15
CN(C)c1ccccn1,469.15
CC1(C)COCOC1,399.15
CCC(C)OC(=O)CCC(=O)OC(C)CC,529.15
CCc1ccccc1OC,460.15
CCCC=CCCCCC,443.7500061
CC1(C)COC1,353.74999847
CCOC(=O)C1(C(=O)OCC)CCC1,497.15
CC(Cl)C(Cl)(Cl)Cl,425.65
O=C(Oc1ccccc1)c1ccccc1,587.15
C#CC(C)Cl,341.65
FC1(F)C(F)(F)C(F)(F)C1(F)F,267.249999905
CCCCC(C)(C)CC,410.4500031
CCC(C)C(C)CC(C)C,429.65
Cc1ccc(C)c([N+](=O)[O-])c1,513.65
CCOC(=O)C(Cl)(Cl)C(C)=O,479.15
FC(F)(F)C(F)(F)C(F)(F)C(F)(F)C(F)(F)C(F)(F)C(F)(F)C(F)(F)C(F)(F)Br,432.15
O=C(O)c1cc2ccccc2o1,585.65
CC1CN(C)CCN1C,422.65
CCOc1ccc(OCC)cc1,519.15
O=[N+]([O-])c1ccc(Cl)c(C(F)(F)F)c1,505.15
FCCC(F)(F)F,302.54999962
C=Cc1ccc(C(C)C)cc1,477.2500061
FC1(F)C(F)(F)C(F)(F)C2(F)C(F)(F)C(F)(F)C(F)(F)C(F)(F)C2(F)C1(F)F,415.15
O=C(O)C(Cl)(Cl)Cl,469.65
CCc1sccc1C,434.15
CC(C)Br,332.65
Cc1ccc(C)c2ccccc12,541.15
CCCCC#CCCCC,450.15
c1ccc2c(c1)CCO2,461.65
C=CCCC(C)(C)C,377.15
CC(O)CCl,400.15
CCCF,275.65
CCOC(=O)c1cccnc1,497.15
CCC(=O)N(C)C,447.65
Cc1cc(O)cc(C)c1Cl,519.15
CC(=O)CCc1ccccc1,506.65
ClC=CCc1ccccc1,484.15
C=CCCCCCCCCO,509.15
C1CC2CC12,318.65
CN(C)CCCO,436.65
CCCOC(=O)c1ccccc1C(=O)OCCC,590.65
CCCC(C)CBr,414.15
CCC(O)C(C)(C)C,408.15
CCCCC(N)=O,498.15
O=C(O)c1c(F)c(F)c(F)c(F)c1F,493.15
S=C=Nc1ccccc1,494.15
CCC(=O)N(CC(C)N(C)CCc1ccccc1)c1ccccc1,449.15
CCC(=O)Cc1ccccc1,503.15
Cc1ccccc1CC=O,494.15
CCOC(=O)C(F)(F)C(F)(F)C(F)(F)F,368.15
C#CC(C)(C)Cl,349.15
O=[N+]([O-])c1c(F)c(F)c(F)c(F)c1F,432.65
CN(C)c1cccc([N+](=O)[O-])c1,555.65
ClCCC(Cl)Cl,418.65
Brc1nccs1,444.15
CC1CCOCO1,387.3499969
Cc1ccc(C)c(Cl)c1,460.15
Cc1cnc(C)cn1,428.15
O=C(CCl)Oc1ccccc1,505.65
CC(C)CBr,364.24999847
Clc1cccc2ncccc12,529.15
CCc1ccc(Cl)cc1,457.5499939
CCCN(C)C,339.15
Cc1ccc[nH]1,420.15
CCOC(=O)C(Br)Br,467.15
CCC#CCCC,380.3499969
CCCC(C)(C)C(C)C,410.8499969
CC1(C)CCCCO1,392.65
O=C(CCl)C(Cl)(Cl)Cl,456.15
CC(C)(C)N=C=S,413.15
CC(C)COCC(C)C,396.15
CC(C)Cc1ccccc1,445.8499969
FCCCBr,374.5500015
CCCCC(=O)OCC(C)C,452.15
c1ccc2c(c1)COC2,465.15
CCCC1CCNCC1,446.15
CC(Br)CCBr,447.15
CC=C1CCCCC1,409.15
Cc1cccc2c(C)cccc12,538.15
C=C=CCCl,361.15
CCc1cc(CC)cc(CC)c1,489.0499939
c1ccc2nncnc2c1,510.65
Cc1ccc(Cc2ccc(C)cc2)cc1,559.15
COC(C)(C)CCO,446.15
Oc1ccc(Cc2ccccc2)cc1,595.15
O=CN1CCCCC1,495.65
Cc1cc2ccccc2cn1,522.15
CC(C)(Br)C(=O)O,472.15
CCO[Si](CC(C)C)(OCC)OCC,459.15
CC=C=CC,321.35000076
C#CCCCCCC,399.4500031
COc1cccc2cccnc12,556.15
Nc1ccco1,400.15
CCC(CC)C(=O)OC,410.15
CC(C)(C)[N+](=O)[O-],400.3100037
CC=CC(C)C(C)C=CC,426.65
NCCCCN,431.65
CCOCc1ccco1,422.15
CC(=O)O,391.0500015
CC1CCCc2ccccc21,493.7500061
OCCC(F)(F)F,372.65
CSCCSC,456.15
COc1cccc(-c2cccc(OC)c2)c1,601.15
CCOC(=O)c1ccccc1O,505.65
CC(Cl)CBr,391.15
CCN(CC)CCCC(C)Nc1cc(OC)cc2cccnc12,461.15
CCN(CC)CCN,417.15
CCN(C(C)=O)c1ccccc1,533.15
CCCCCOC(=O)CCCC,476.8499969
CCC(C)CC(C)C,382.65
CC(C)CCC(=O)O,473.65
COc1ccc(C)cc1C,465.15
O=[N+]([O-])CCl,395.65
CC(=O)I,381.15
O=[N+]([O-])c1cccc(F)c1,472.15
FC(F)(F)C(F)(F)C(F)(C(F)(F)F)C(F)(F)C(F)(F)F,331.55000153
CC=CC=CC(=O)OCC,468.65
COC(=O)c1cccc(C)c1,494.15
C1=CC=CCC=C1,390.15
CCCC(C)C(C)C(C)C,434.15
Cc1c(C)c(C)c(C)c(C)c1C,536.5499939
CCCCCCOCOC,440.7500061
COCBr,360.15
CC[Si](CC)(CC)CC,427.8499969
O=C(O)C1CCC1,463.15
CN(C)CCCN(C)C,417.15
CCCOC=O,354.05000153
C=CCCCCCCCCC=C,481.65
CCCC(N)CCC,412.65
Cc1ccc(Br)cc1C,487.65
O=C1Cc2ccccc2O1,522.15
CCCCC(C)(C)C(C)C,433.3499969
COc1cc(Cl)cc(OC)c1,507.15
CCCCCCOC(=O)CC,463.15
CC(C)C12CCC(C)(CC1)O2,446.65
CCC1CCC1,343.95000305
COC(=O)C(C)Cl,405.65
CCCC[Si](C)(C)Cl,412.15
CCc1ccsc1,409.15
CCC(C)C(=O)OC,388.8000015
Cc1ccccc1C(=O)Cl,486.65
CC(C)c1cc(C(C)C)c(C(C)C)cc1C(C)C,532.15
C=Cc1ccccc1CC,460.4500031
CCC(C)CBr,394.7499985
CC#CCCCCCC,435.0499939
CCN(Cc1ccccc1)c1ccccc1,561.15
FC(F)(Br)C(F)(F)C(F)(F)C(F)(F)C(F)(F)C(F)(F)Br,415.15
C=CI,329.15
CCCC(=O)N(C)C,459.15
CCC(C)CCC(C)O,443.15
CCC(Cc1ccccc1)c1ccccc1,563.15
CCOP(=S)(OCC)OP(=S)(OCC)OCC,410.65
Cc1ccc(C)c(C)n1,444.7500061
Fc1ccc(F)c(F)c1,363.15
C[Si](C)(C)O[Si](O[Si](C)(C)C)(O[Si](C)(C)C)O[Si](C)(C)C,494.8499969
Nc1ccc(F)c(Cl)c1,500.65
FC(F)(F)CS,307.65
CCC(C)(C)CO,409.65
CCCCC=C(C)C,395.7499985
FC(F)(F)SSC(F)(F)F,307.74999847
C[SiH2]Cl,280.15
CCCCCCCCCCCCCCCCCCc1ccccc1,681.15
Cc1cccc(C)c1Cl,459.15
CCCCCCCCCF,440.65
O=[N+]([O-])c1cccc(Br)c1,529.15
C=C[Si](OC)(OC)OC,395.15
CCCCCCCCCCCCCCCCc1ccccc1,658.15
CC(C)c1ccc(O)cc1,503.15
Clc1cccc([Si](Cl)(Cl)Cl)c1Cl,533.15
CC(O)C(C)C(C)O,484.65
CC1CC(=O)C(C)(C)C1,431.15
CCCC(=O)CC,396.65
C1CCN(CCN2CCCCC2)CC1,538.15
CC(C)CC#N,400.65
CCC(C)(O)CC(C)C,425.15
Cc1ccnc(C)c1,431.65
FC=C(F)Br,292.15
CCOCC(=O)O,479.65
COc1ccc(C(=O)O)cc1,549.65
CCOCC(C)C,354.24999847
CCOc1ccc(Cl)cc1Cl,510.15
Cc1ccccc1Cc1ccccc1,553.65
Cc1ccc(Br)s1,451.15
CCCCCCCNCCCCCCC,544.15
COc1ccc(CC=O)cc1,528.65
COc1ccccc1C,444.15
Cc1cc(C(C)C)ccc1O,503.15
FC(F)(F)C(F)(F)C(F)(F)C(F)(F)C(F)(F)C(F)(F)C(F)(F)F,355.65
FC(F)=C(Cl)Cl,292.15
Nc1cccc(Oc2ccccc2)c1,588.15
CCCC(C)(C)CC(C)C,424.15
Brc1ccccc1-c1ccccc1,570.15
CC=C(C)C(C)C,364.65
C=CC(OC)OC,361.15
CCN(CC)[Si](C)(C)C,399.15
N#Cc1cccc(F)c1,455.65
FC(Cl)Br,309.15
Cc1cc(O)cc(O)c1,562.65
FC(F)(F)C(F)(F)C(F)(C(F)(F)F)C(F)(C(F)(F)F)C(F)(F)F,356.15
O=C1C=CCCC1,443.15
CC(C)c1ccccc1N,494.15
Cc1ccc(C)[nH]1,444.15
O=C(C=Cc1ccccc1)c1ccccc1,619.65
CCOC(=O)CCC(=O)OC,481.3499969
OCCC1CCCCC1,481.15
Oc1ccc2c(c1)CCCC2,548.65
CCOC(=O)C(C)(C)C(C)=O,455.15
CCC1CCCC(C)C1,429.15
COC(=O)CCCBr,459.65
c1ccc2c(c1)Cc1ccccc1O2,584.15
Brc1cc(Br)cc(Br)c1,544.15
CCCCC#CCCCCC,471.15
CCC(=O)c1ccc(C)cc1,509.15
OC1CCCCCC1,458.15
CCCC(N)=O,489.15
CC(Cl)=C(Cl)Cl,391.15
C[SiH](C)O[SiH](C)C,345.15
Nc1cccc2ncccc12,583.15
BrCCCCCCCCBr,544.15
C[Si](C)(C)CCCCl,424.15
CCC(C)(C)C(C)(C)C,413.3499969
Clc1ccccc1-c1ccccc1,547.15
Ic1ccc(I)cc1,558.15
CC1=CCCC1C,372.15
CCC(C)CC(CC)CC,431.3499969
Cc1ccc2[nH]c(C)c(C)c2c1,570.15
CCCC=CCCCCCC,466.15
CCCOC(=O)CCl,434.15
COC1CCC(OC)O1,418.8499969
Clc1ccc(Oc2ccccc2)cc1,557.65
CCOC(=O)C(=O)C(=O)OCC,483.15
C#CCCCCCCCCCCCCC,541.15
CCCCCCCCCCCCC#N,566.15
Clc1cc(Cl)c2ccccc2c1,564.15
Cc1ccc(I)cc1,484.15
O=C(Cl)c1ccco1,446.15
CC1(C)OCCO1,365.65
C=C=C(C)C,313.98000183
COc1ccc(C=O)c(O)c1,520.65
ClCCCI,444.15
C=C(CC)C(C)CC,385.65
ClCC(Cl)C(Cl)Cl,452.65
CN(C)c1cccc(N)c1,543.15
CC1(C)OCCCO1,397.15
CNc1ccccn1,473.65
C1=CCCCC=CC1,418.15
OCc1cccc(Cl)c1,510.15
O=C1CCc2ccccc21,516.15
Oc1cc(Cl)c(Cl)c(Cl)c1,548.15
CN(C)c1cccc2ccccc12,553.15
CCCCCCCCCC1CCCCC1,555.15
CC=CC(C(=O)OCC)C(=O)OCC,495.65
CC(O)C(C)Cl,412.15
Cc1ccccc1N,473.4500031
CC[Si](Cl)(CC)CC,419.4500031
CCCC(Cl)CC,396.15
CCCC(C)OCC,382.15
c1ccc2c(c1)Cc1ccccc1C2,578.15
O=C(Cc1ccccc1)Cc1ccccc1,604.15
CCCC(C)C(=O)O,469.65
CCC=CCCCC,396.4500031
CN(C)c1ccc(Br)cc1,537.15
CCCC(CC)C(C)C,411.15
Clc1sc(Cl)c(Cl)c1Cl,506.5499939
CCC(C)c1cccc(C(C)CC)c1O,530.65
Cc1cc(C)c(O)c(C(C)(C)C)c1,522.15
CN1CCc2c(c3ccccc3n2Cc2ccccc2)C1,484.15
CC(C)(N)c1ccccc1,469.65
COC(OC)(OC)OC,387.15
Cc1cc(Br)ccc1Br,509.15
O=[N+]([O-])CCCl,446.65
Cc1ccc(O)c(C=O)c1,490.65
CC(C(C)(C)C)C(C)(C)C,432.4500031
Cc1cc(Cl)ccc1O,496.15
CCOC(=O)CCCCCCC(=O)OCC,555.7500061
CCCC(O)CC(C)C,437.15
COCCCCCCOC,457.15
CCC(C)(CC)CC,391.3499969
CC1=CCC(C(C)C)C=C1,445.15
CCCCN(C)C,368.15
CCOC(O)C(F)(F)F,377.15
CCCCCC[N+](=O)[O-],466.15
COC(C)CCO,430.15
CCOC(=O)CC(=O)CC(=O)OCC,523.15
CC(=O)C(F)(F)F,295.15
CCCCNCCCC,432.7500061
CCCCCCOC(=O)CCCCC,519.15
COc1ccccc1O,478.15
CC1(C)COC(C)(C)C1,394.15
CCCCCCCCN(C)C,464.15
CCC(C)OC,332.15
CC1=CCCC=C1,380.65
NN1CCCCC1,420.15
CCCCC(C)C(C)C,413.65
CCC(CC)(CC)C(C)C,445.15
C1=CC=CCCC=C1,418.65
CCOC(=O)C(Br)(Br)Br,498.15
CC(C)C=CCO,432.15
C#CCCCCCCC,423.9500031
CC1CCCCC1C,397.15
c1ccc(Cc2ccncc2)cc1,561.15
C1=C(c2ccccc2)CCCC1,525.15
CCc1ccc2ccccc2n1,518.65
C1CCC2C(C1)CCC1C3CCCCC3CCC21,626.15
CC1CC=CCC1,375.8499969
C[Si](C)(Cl)C(Cl)Cl,422.15
ClCC=C(Cl)Cl,404.65
CC(C)=C1CCC(C)CC1=O,497.15
C1CCC2NCCCC2C1,479.15
O=[N+]([O-])c1cc(F)cc(F)c1,449.65
CC(C)(C)OC(=O)OC(C)(C)C,433.65
CC(C)COCC(C)O,438.15
CC(C)c1ccc(Cl)cc1,471.4500031
CC(Cl)(Cl)C(=O)Cl,391.15
SCCCl,386.15
C=CC(C)(C)O,370.15
Cc1cc2ccoc2cc1C,494.15
O=C1CCCCCCCCC1=O,395.65
CC(C)CC(C)C(C)C,404.5499939
CC1CCC(C)C1=O,419.65
CCCCN(CCN(CC)CC)C(=O)c1cccc2ccccc12,451.15
CCC(C)=C(C)C,370.65
Fc1ccc(F)cc1,362.15
CC(=O)CCC=C(C)C,446.65
CC1CN1,340.15
C=C(C)CCC(C)C,384.7499985
CCN(CC)CCOCCOC(=O)C1(c2ccccc2)CCCC1,440.65
CC(C)C(C)C(C)C(C)C,429.3499969
C=CC=CC=C,350.65
CCCC(CC)C(C)(C)C,429.2500061
FC(F)(Cl)CBr,341.55000153
CCOC(=O)C(O)C(O)C(=O)OCC,553.15
Cc1cccc(NC=O)c1,563.15
CCN1CCOCC1,411.65
CCN(CC)CCCC(C)N,474.15
Cc1cc(C)n(-c2ccccc2)n1,546.15
O=C(F)c1ccccc1,427.65
CC1CCC(=O)CC1,443.15
CC=C(CC)CC,369.15
CC(O)C(C)(C)O,448.15
Cc1cccc(Cl)c1O,462.15
CCOC(=O)CC(=O)CC,464.15
CCCC(C)OC,361.65
CCC(C)(C)C(=O)O,459.15
CCCNCCO,456.15
CC1(C)CC=CCC1,390.15
CC=C(C)C(=O)OCC,429.15
C=CCc1cc(C)ccc1O,510.15
CC(F)=C(Cl)Cl,351.15
CC(=O)CCC(=O)OC(C)C,482.4500031
N#Cc1ccc(OC(F)(F)F)cc1,465.65
CC(O)CC(F)(F)F,372.99999847
C=COc1ccccc1,428.65
C=CCCCC(=O)O,476.15
CCOC(=O)c1cccc(Cl)c1,516.15
O=C(Cl)c1ccc(Cl)c(Cl)c1,515.15
C#CC(C)O,379.65
Fc1ccccc1I,461.7500061
FC(F)C(F)(F)CBr,347.15
CCCCCCCCCCCCCCCCC1CCCCC1,658.15
O=[N+]([O-])c1cccc(Cl)c1,509.15
CC(C)=C(C)C(C)C,389.65
CCC(Br)C(=O)OC,441.15
COc1ccc(C(C)(C)C)cc1,511.15
COC(C)C,303.92000046
Cc1cccc2ccoc12,463.65
FC(F)(F)C(F)(F)C(F)(F)C(F)(F)C(F)(F)I,367.55000153
Oc1cc(Br)cc(Br)c1,547.15
FC(Cl)C(Cl)Cl,375.15
C=CCc1cc(OC)c2c(c1OC)OCO2,567.15
CCOC(=O)C(C)CC,405.65
Cc1ccc(N)cc1Cl,516.15
CCC=CCC(=O)OCC,439.65
CC(C)(O)Cc1ccccc1,488.15
Nc1cccc(Br)c1,524.15
CCCCN(CCO)CCCC,502.15
CCN(C)CC,339.15
c1ccc(C2CCCNC2)cc1,530.15
Cc1cc(C)c(C)s1,437.65
CCC(C)(C)N,350.15
CCC(CC)C(C)C(C)C,435.15
CCOc1ccc(C#N)cc1,531.15
CCCCCCOCC,416.15
CC1(C)C2CC3OC3(C)C1C2,458.15
CCCCc1ccccn1,465.15
Cc1ccc2c(C)ccc(C(C)C)c2c1,567.15
Cc1cnc2ccccc2c1,532.9499877999999
CCC1=CCCC1,379.4500031
Cc1cc(C)c(C)c(C)c1C,505.15
CC(=O)CC(C)(C)N,453.15
COC(=O)c1ccccc1Br,525.15
C=COCC(C)C,356.15
CCC(=O)Oc1ccccc1,484.15
CC(C)c1ccc(Br)cc1,491.8499969
CCCCC=CCCCC,444.15
FC(F)OC(Cl)C(F)(F)F,321.65
CCOC(=O)CCCCl,457.15
CCOP(=S)(OCC)SCCSCC,405.15
Cc1ccc(Cl)c(Cl)c1,482.0499939
CC1(C)CO1,325.15
FC(F)OCC(F)(F)F,302.44999923999995
O=C(O)C1CCCCC1,505.65
CC1OC1C,333.15
COC(=O)c1ccc(O)c(OC)c1,559.15
C#CCC=C,315.65
CCc1ccccc1Br,472.4500031
COc1cccc(Cl)c1,466.65
CCC(C)ON=O,341.65
CC1CCOC(C)O1,389.65
CC(=O)CCCO,482.15
CC(CO)N(C)C,423.4500031
C=CCCCCC=C,388.65
CC(=O)C1CC1,384.4500031
CC(C)CC(C)CC(C)C,420.7500061
COc1c(F)c(F)cc(F)c1F,411.15
Cl[SiH2]c1ccccc1,435.65
c1cc(-c2ccncc2)ccn1,578.15
CCCCCCCCCCCCCCCCCC1CCCCC1,670.15
F[Si](F)(F)c1ccccc1,374.65
Cc1ccc2ccc(C)cc2c1,538.15
CCC(CC)C(=O)Cl,413.15
Nc1cc(Cl)cc(C(=O)O)c1Cl,585.15
C1CCC(C2CCCCC2)CC1,511.15
OC(F)(F)C(F)(F)CF,355.15
O=C1CCC1,372.15
CCCOC(=O)OCC,418.65
CC(C)(C)c1ccc(Cl)cc1,486.15
Brc1ccccc1Br,493.15
C=CCC(CC=C)(C(=O)OCC)C(=O)OCC,516.65
CCCCOCc1ccccc1,496.15
COC(=O)C=C(C)C,409.65
OCCCCCCCO,535.15
FC(F)(F)CI,327.65
Cc1ccc(C(=O)O)c(C)c1,541.15
FCCCCl,353.15
CCCOCC(C)OCC(C)O,485.15
CCCC(O)CO,479.15
CCC(C)C(C)CCOC(C)=O,459.15
C#CC1(O)CCCCC1,447.15
O=C(O)CCC1CCCCC1,549.65
C=C(C)C1CC1,343.15
CC(C)C(C)O,385.15
Cc1ccccn1,402.4500031
CC1(C)CCc2ccccc21,464.15
CC(=O)c1c(C)cc(C)cc1C,514.15
Cc1ccc([N+](=O)[O-])c(C)c1,520.15
FC(F)(F)C(F)(F)C(F)(F)I,314.35000076
CC=C(C)C(=O)O,471.65
Brc1cccc(-c2ccccc2)c1,573.15
Cc1ccc(CCN)cc1,487.15
COP(=S)(OC)Oc1cc(Cl)c(Br)cc1Cl,413.15
Cc1ccc(O)c(C)c1C,509.15
CCSC,339.84999695
Cc1cc(O)c(C)c(C)c1C,539.15
Cc1ccc2ccccc2c1C,539.65
CC1=CC2C(CC1)C2(C)C,440.65
CC(C)(C)C(=O)Cl,380.15
O=C1CCCO1,477.15
Cc1ccc(Cl)cc1Cl,474.15
CC(C)OC(OC(C)C)OC(C)C,440.15
CCC(C)C#N,398.15
Oc1cccc2c1CCCC2,539.15
Clc1cc(Cl)c2ccccc2n1,554.15
C=CCCCO,414.15
Cc1nccs1,401.65
CCC(=O)OC(C)CC,406.15
CCCCc1ccncc1,482.15
N#Cc1ccc(Cl)cc1,496.15
NCC(F)(F)C(F)(F)F,322.15
CC(C)CCCl,372.05000153
C=C(C)CCC=C(C)C,416.15
COc1ccc(Cl)cc1,470.65
c1ccc(C2CC2)cc1,446.7500061
BrC=CBr,381.15
CCC(CC)OC(C)=O,406.15
CC(C)CCC#N,429.65
CC=CC(C)C,332.15
N#Cc1ccco1,420.15
Fc1cccc(F)n1,398.15
CCN(CC)c1ccccc1C,482.15
Cc1cccc(Cl)n1,456.65
CCN1CCCC(N)C1,428.15
CC(C)OC(=O)c1ccccc1O,511.15
C[Si]1(C)O[Si](C)(C)O[Si](C)(C)O1,407.15
ClCc1cccc(Cl)c1,489.15
CC1CCc2ccccc2C1,494.15
c1ccc(CCc2ccccc2)cc1,557.15
c1ccc2c(c1)CCNC2,505.65
CCCCCOC=O,403.5499939
Oc1ccc2cccc(Cl)c2c1,580.65
Oc1ccc(F)cc1,458.65
CN(C)CCCN1c2ccccc2Sc2ccc(Cl)cc21,473.15
C1=CCCC=CCC1,424.15
C=CCOC,317.15
COC1C=CC(OC)O1,434.15
C1CCC(CCCC2CCCCC2)CC1,564.65
FCBr,292.15
CC1CCCO1,351.15
c1ccc(C2CCCCC2)cc1,513.2500061
CC1(C)CCCNC1,410.15
CCCCCCCCCCCCCCN,564.3500122
C=C(C=O)CC,365.65
CCCCCCC(=O)OC(=O)CCCCCC,542.65
CC#CCO,421.15
C=C(C)CCCCC,392.4500031
COc1ccc(C)c([N+](=O)[O-])c1,539.65
CCCCCCCOC(=O)CCC,498.9500031
CSCSC,421.15
Cc1ccc(Nc2ccc(C)cc2)cc1,603.65
C=Cc1ccccc1,418.4500031
C=C1CCC(C)CC1,395.15
CCC1CCNCC1,427.15
CO[Si](CCCCl)(OC)OC,465.15
CCCOCCC,363.15
FC(F)(F)I,250.65
C=CCCCCCCCCCO,523.15
FC(F)(F)C(F)(F)C(F)(F)C(F)(F)C(F)(F)C(F)(F)C(F)(F)C(F)(F)I,433.65
ClC(Cl)C(Cl)(Cl)C(Cl)Cl,491.65
CCCC(CCC)C(C)C,432.0499939
COC(F)F,269.15
C1=COCCO1,367.24999847
CNc1ccccc1C,480.65
N#CSc1ccccc1,505.65
CCCCCCC(C)Cl,445.15
CCCCOCc1ccco1,463.15
CCSC(=O)COc1ccc(Cl)cc1C,438.15
CCCCC(CCCC)CCCC,490.65
CCCCCCCCCCCCCS,563.9499877999999
C=C1CCC1,315.35000076
CCCCCCCCCCCCCCCCCCCc1ccccc1,692.15
Cc1ccc(C)c(Br)c1,472.15
ClC1CCCCC1Cl,480.0499939
CCC(C)(C)CCC(C)C,425.9500031
Cc1ccc2c(c1C)CCCC2,525.15
CC1COC(=O)C1,479.7500061
Brc1cccs1,423.15
Cc1cc([N+](=O)[O-])ccc1Cl,522.15
CNCc1ccco1,422.15
CCOC(=O)CO,433.15
CC(F)Cl,289.35000076
CCOC(=O)c1ccccc1Br,527.65
O=C(Cl)C1CCCCC1,453.15
CC(C)C(c1ccccc1)C(C)C,493.8499969
CC(Cl)C(C)(C)Cl,402.15
CC(C)COC=O,371.34999695
CC1(C)C2CC3C(C2)C31C,425.65
C[SiH2]c1ccccc1,413.15
CCNCCN(C)C,407.65
Cc1cccc(-c2ccccc2)c1,545.8500122
Cc1nccn1C,479.15
C[SiH](O[SiH](C)O[Si](C)(C)C)O[Si](C)(C)C,443.15
CCCSC(C)C,405.2500061
CCCC(C)CC(C)(C)C,421.4500031
CCc1cc(C)c(C)cc1C,486.15
COc1cccc(C)c1,448.65
CCCCON=O,351.15
CCCCOC,343.24999847
ClC[Si](Cl)(Cl)Cl,391.15
CC(=O)OCC(F)(F)F,334.15
CCOC(=O)c1cccc(C)c1,507.15
CC(C)(O)C(C)(C)O,447.5499939
FC(F)(F)C(F)(F)C(F)(F)C(F)(F)C(F)(F)C(F)(F)C(F)(F)Br,391.15
CCCCC(C)Cl,395.65
CC(C)CCCC(C)O,447.15
CC=CCCc1ccccn1,489.15
CC(C)c1ccc(O)c(O)c1,544.15
OCCC1CCCC1,456.15
CC(C)=CCCC(C)O,448.15
CC(C)CCSSCCC(C)C,520.15
CCC(C)C(C)(C)C(C)C,437.7500061
CCCC(=O)Oc1ccccc1,498.15
CCC(C)NC(C)CC,408.15
CCCCOC(=O)OCC,440.15
CCC(C)CCBr,421.15
CCOc1cccc(N(CC)CC)c1,559.15
CCCCOCCOC,420.4500031
C1CCCSCC1,446.65
CC[SiH2]CC,330.15
CC=CCC(C)=O,400.15
C#CCCC(C)=O,422.15
C=CC(C)C(C)C,353.95000305
CC(C)CC(C)CC(O)CC(C)C,498.5499939
CCCOC(=O)CCCC(=O)OCCC,533.7500061
CCCCCOC(=O)CC,441.7500061
Cc1ccccc1OC(=O)c1ccccc1,582.15
Clc1ccc(Br)cc1,469.15
c1ccc2c(c1)Cc1ccccc1N2,620.15
C1=CCNCC1,381.15
C=C(C)CCCC,365.15
c1ccc2[nH]ncc2c1,542.15
CC(=O)COc1ccccc1,502.65
CCCCCC(C)(C)O,429.15
Cc1ccc(C)c(C)c1C,478.15
CCCCCCCCCOC(C)=O,483.15
CC(C)COC(=O)OCC(C)C,463.15
CC(Cl)CCl,368.65
C1CCC2NC2C1,423.15
CNCCc1ccccc1,479.15
CCN(N)CC,372.15
CC(=CC(=O)c1ccccc1)c1ccccc1,615.65
CC(C)C(C)N,358.65
O=C1CCCCCC1,451.65
O=C(c1ccccc1)C(F)(F)F,426.15
Clc1ccc(Nc2ccccc2)cc1,608.15
CCc1cnc2ccccc2c1,539.15
CCc1ccc2c(c1)CCCC2,517.15
CCCCC#N,414.4500031
CCOC(=O)c1cccc2ccccc12,583.15
CCCC=CC(=O)O,489.65
Cc1cc(C(C)(C)C)ccc1O,510.15
SCc1ccccc1,467.65
CC(C)OC(=O)C(C)Cl,424.65
CC=C(C)c1ccccc1,467.8499969
CC(C)(Br)CBr,423.15
CCCCc1ccc(N)cc1,534.15
OCCCCCCCCF,379.15
CCCC=CCCC,402.15
CCOC(=O)C(=O)Cl,410.15
C=CC(F)(F)Br,315.15
CC(C)CCI,420.15
CC(Cl)(Cl)C(Cl)Cl,426.15
CCNC(C)CC,371.15
C=C(C)c1ccc(C)cc1,458.4500031
CCN(CC)CC(=O)Nc1c(C)cccc1C(=O)OC,464.15
CCOC(=O)C1CC1,407.15
CC#Cc1ccccc1,456.15
CCCCCCCCCCCN,515.15
CCCc1ccccn1,440.15
CC(C)(C)c1ccccn1,443.15
CC1CC(C)CC(C)(C)C1,425.65
CCOC(=O)c1ccc(Cl)cc1,510.65
CCCc1cccc(C)c1,455.15
BrCC1CO1,408.15
Cc1cc2ccccc2cc1C,541.15
CCCOCCOCC,407.15
C=CC(=O)O,414.15
O=C(O)C1CCCC1,485.15
CC(C)CCNCCC(C)C,461.15
COc1ccc(OC)c(N)c1,543.15
CNC(C)CC1CCCC1,444.15
CC1OCOC1C,377.15
CC(O)C(Cl)(Cl)Cl,436.15
CC(C)COCOCC(C)C,438.65
Cc1cc(O)c(C)c(O)c1,551.65
CCCCCC(C)CCC,438.8499969
CC(O)=S,366.15
CCC(=O)N(CC)CC,464.15
CC#CCCCC,385.15
CC(=O)CC(C)(C)C,399.15
CCN(CC)CCNC(C(=O)OCCC(C)C)c1ccccc1,449.15
CCOc1ccccc1C=O,521.15
CCc1ccccc1C,438.3499969
Fc1cc(F)cc(F)c1,348.65
CCCOCCOC,397.65
C=C(CC)C(C)C,362.15
CC(C)C1=CC(O)C(C)CC1,493.15
CCOC(=O)C(CC)C(=O)OCC,481.15
Fc1ccc(Cl)cc1,403.15
CCC(Br)CC,391.7499985
CCCCCCCCCCCC#N,550.15
Cc1ccc(CCl)cc1,474.15
CC(O)C(C)CO,473.15
Cc1ccnc(C)n1,423.65
O=C(C(Cl)Cl)C(Cl)Cl,456.15
CCC(C)C(C)(CC)CC,435.2500061
COCCCCCOC,432.3499969
FC(Cl)=C(Cl)C(F)(F)F,320.44999923999995
CN(C)N=O,425.15
CCCCNCCO,472.15
N#CC1CC1,408.2500061
CSC(C)C,357.95000305
c1ccc(CN2CCCCC2)cc1,518.15
O=C(c1ccccc1)C(Cl)Cl,522.15
CCC(C)(O)CCCC(C)C,469.65
C=C(C)C=C(C)C,366.34999695
C1CCC2CCCC2C1,440.15
ClC(Cl)(Cl)I,415.15
CC(Cl)[N+](=O)[O-],397.65
CC(C)CC(=O)C(C)C,420.65
CC(C)C(O)C(C)(C)C,423.65
COCC(O)CO,493.15
CCC(C#N)CC,418.65
Cc1ccc2c(c1)CCCC2(C)C,513.15
CCC(=O)C=C(C)CC,439.65
CCC1CCC(C)C1,394.15
C=CCCCCCCCCCCCCCCCCCC,614.15
CCCOCOCCC,409.9899963
C=C=CCCCC,378.65
CC(O)C(F)(F)C(F)(F)F,357.15
CC(=O)CF,350.15
Cc1cc(Cl)c(Cl)c(Cl)c1,519.15
O=C=Nc1ccc(Br)cc1,499.15
COc1cccc(OC)c1OC,508.15
FC(F)(F)C(F)(F)C(F)(F)C(F)(F)I,340.15
CCSCC(C)C,407.3499969
CCC(C)(C)C(C)C,387.9500031
FC(F)(Br)CBr,365.65
Cc1ccc(C(F)(F)F)cc1,402.15
OCC(F)(F)C(F)C(F)(F)F,390.15
CC(C)CN1CCOCC1,454.15
CC(C)(C)NCCNC(C)(C)C,469.15
C1CNCCNC1,442.15
CCC(C)C(C)C(C)CC,435.65
CCP(CC)CC,402.15
C1CCC2NCCC2C1,458.65
CC(C)CCC(O)C(C)C,448.15
NCCCN1CCOCC1,493.15
CCOC(=O)C(OCC)OCC,472.15
C=COC(C)(C)C,348.15
CCC(CC)=NO,441.15
COC(F)(F)F,248.94999924
CN(C)C(=O)SCCCCOc1ccccc1,428.15
CC(Cc1ccccc1)c1ccccc1,553.65
C=CC[Si](Cl)(Cl)CC=C,438.4500031
C=C(C)Br,321.55000153
Cc1ccc(Cl)cc1C,467.15
Cc1cc(O)c(C(C)(C)C)cc1C,531.65
C=C1CCC1=C,337.15
CCCCCCCCc1ccccc1,537.65
CCC(Cl)[N+](=O)[O-],415.15
CCC(C(C)C)C(C)C,409.8499969
ClC(Cl)=CBr,380.65
Cc1cc(C)c(C)c(O)c1C,520.15
CC(C)(N)Cc1ccccc1,478.15
C=Cc1ccc(OC)cc1,478.15
Cc1cc(O)ccc1O,545.15
CC1CCCC1O,421.65
CC(C)(C)CC(=O)O,463.15
O=[N+]([O-])c1cc(F)ccc1F,479.65
CCCN(CCC)CCO,469.15
CCCCN1CCCCC1,449.15
FC1=C(F)C(F)(F)C1(F)F,278.65
C=CCC(=O)O,442.15
C=CCc1ccccc1,429.15
CC(C)(C)OC(C)(C)C,380.3800034
C[Si](C)(C)[Si](C)(C)C,386.65
COC(=O)c1ccc(OC)c(OC)c1,556.15
C=C(C)C(C)CC,357.45000305
CCCC(C)(C)O,394.2499985
CC(=O)c1cc(C)ccc1C,505.65
CCCCc1ccc2ccccc2c1,565.15
C=CCCCC=C,385.15
CN(C)C(C)(C)CO,433.15
C=C(C)CC(C)C,354.74999847
CCN(CC)CC(=O)Nc1c(C)cccc1C,432.15
Cc1cc(Cl)ccc1Cl,473.15
C1=CCNC1,363.65
CC(C)(C)c1cccc(O)c1,513.15
CC(C)C=CC(=O)O,490.15
Cc1n[nH]c(C)c1Cl,494.15
Cc1[nH]c2ccccc2c1C,558.15
CCCCOC(=O)C(Cl)(Cl)Cl,477.15
CCOC(=O)c1cccc(N)c1,567.15
CCC1CC1,309.05000153
Cc1cc[nH]n1,477.15
COCC(C)OC,369.15
C#CC(C)=CC,339.65
Sc1ccc2ccccc2c1,561.15
c1ccc(CCCc2ccccc2)cc1,573.4499877999999
CC1CC=C(C(C)C)CC1,440.65
c1ccc(C2CCc3ccccc3O2)cc1,605.15
FC(F)(F)C(Cl)=CCl,326.85000076
COc1ccccc1-c1ccccc1OC,580.65
Cc1ccc(CN)cc1,468.15
CC(=O)CC(=O)OCCCl,471.15
CC1(N)CCCC1,394.15
CC1CCC(C)O1,368.15
CCO[Si](CC)(OCC)OCC,431.65
C[Si](Cl)(Cl)CCl,394.65
CCOc1cccc(C)c1,465.15
C1CC2CCCC(C1)C2,442.65
CC1CCOCC1,378.15
CC(C)COC(=O)C(=O)OCC(C)C,502.15
CCc1ccccc1Cl,451.5499939
CCc1ccc(Br)cc1,477.15
CCC(C)SC(C)CC,438.15
CCC(C)=C(C)C(C)=O,431.15
CC(C)NNC(C)C,398.15
C#CC(C)(O)C(C)C,407.15
CCC(C)CCC(C)(C)C,423.9500031
Cc1c(Cl)ccc(O)c1Cl,509.15
CO[Si](C)(OC)OC,375.65
CCC(C)(C)C(C)C(C)C,434.7500061
CCOCCCOCC,413.65
NCC1CCCCC1,433.15
CCCCCC(C)C(C)C,437.4500031
CC(C)CCCC(=O)O,489.15
Cc1cccc(C(=O)c2ccccc2)c1,590.15
CCC(C(C)=O)C(=O)OC,455.15
CCCCCCCOCCCCCCC,531.65
CCC(C)C(C)CC,390.8499969
N#Cc1ccccc1CCl,525.15
CC(C)C1CC=C(C=O)CC1,496.15
FC(F)(Cl)C(Cl)(Cl)C(F)(F)Cl,385.15
CC1(C)CCCCC1=O,445.15
Brc1ccc2ccccc2c1,554.65
CCC(O)C(Cl)(Cl)Cl,444.15
CCCCOCC,365.45000305
FC(F)C(F)Cl,290.15
CC=CCCCCC,397.15
FC(F)(F)C(F)(F)C(F)(F)C(F)(F)C(F)(F)C(F)(F)I,391.15
C=CCC(C)CCC,385.9500031
C#CC(C)=O,357.15
CC(C)(C)C(=O)O,436.9500031
C[Si](C)(Cl)CCl,388.65
Brc1cnc2ccccc2c1,548.15
C1CCC(OC2CCCCC2)CC1,515.65
CCCc1cccc2ccccc12,547.65
CCOCCC(OCC)OCC,458.15
CCOC(=O)c1cccc(OC)c1,533.65
CCCOc1ccccc1O,500.15
O=C(Cc1ccccc1)c1ccccc1,593.15
CC(=O)C(C)(C)C(C)=O,446.15
CCc1cccc2ccccc12,531.7500061
C=CCCCCC(C)C,420.0499939
CCCc1ccc(C)cc1,456.5499939
CCCC(C)(C)c1ccccc1,478.65
CC=C(C)C,311.65
SC1CCCC1,405.2500061
C1=Cc2ccccc2CC1,479.65
CCc1cc(C)cc(O)c1,508.8499969
Cc1ccc(Cc2ccccc2)cc1,559.15
CCOC(=O)c1ccc(O)c(OC)c1,565.15
ClCCCCCCCCCCl,533.15
CCCC1CCCC(C)C1,437.65
NCC1CCNCC1,473.15
CC1CCCCC1O,437.65
Nc1cccc(F)c1,461.15
CCCCCC(C)O,431.15
C=C(C)CC(C)=O,397.3499969
CCNc1ccc(C)cc1,490.15
CN(c1ccccc1)c1ccccc1,566.65
C=CC=CC#N,409.65
CC(c1ccccc1)c1ccccc1,545.7500061
CCC#CCCCCCC,450.15
CC=CC(=O)N(CC)C(CC)C(=O)N(C)C,406.15
CCC(=O)F,317.15
CC1C(=O)CC2CC1C2(C)C,485.15
CCCOC(C)C,353.15
Cc1cccnc1N,496.15
ClCCCCBr,448.15
O=C(C1CC1)C1CC1,434.15
C=CC(C)CCCC(C)C,427.15
COc1cccc(C=O)c1O,538.65
NCc1ccc(Br)cc1,523.15
CCCCCCOCCCCCC,496.15
CC(Cl)CC(C)Cl,418.15
CCCCSCCCC,458.15
ClCCCCCCl,452.15
OCc1ccccc1Cl,503.15
C1CSC1,368.15
CCCC(=O)CCC(C)C,451.15
Cc1ccc(O)cc1O,541.65
CNc1cccc(C)c1,479.65
CCOC(C)=S,389.5500015
CCCCCCCOC(=O)CCCCC,534.15
CCNCc1ccccc1,467.15
CCCC(C)C(C)CCC,435.2999939
CCCC(C)C(C)(C)O,433.15
CC(C)COC(N)=O,480.15
CCCC#CCCCCCC,471.65
CCCC(=O)N(CC)CC,479.15
CCn1ccc2ccccc21,525.65
CCCC(O)CC,407.9
O=CC1CCCC1,406.65
C#CC(O)(CC)CC,411.15
CCC(O)(CC)C(C)C,433.15
O=C1CCCCC1C1CCCCC1,537.15
CCCCCCOC=O,428.65
CC(C)CC(=O)Cl,387.15
CC(C)(C)CCl,357.45000305
COc1cccc(C)c1OC,477.15
Clc1cccs1,401.4500031
C[SiH2]C,253.04999962
CC1CCCC1(C)C,387.15
C=C(CCC)CCC,390.8499969
CNCCN(C)C,390.15
C=C(C)C(C)O,387.15
C[Si]1(C)O[Si](C)(C)O[Si](C)(C)O[Si](C)(C)O[Si](C)(C)O[Si](C)(C)O[Si](C)(C)O1,548.15
CCCCn1cccc1,443.65
Cc1cccc2c1CCCC2C,512.15
CC(C)CCCC(C)(C)O,446.15
C1=CCC2CC2C1,398.15
CC(C)CC(C)(C)O,406.2500061
CCCCCCCCOC(=O)CCCCC,548.15
CC(C)CCON=O,372.34999695
CCOc1cccc([N+](=O)[O-])c1,537.15
FC(F)(F)C(Cl)CCl,350.05000153
CCC1CCC(C)CC1,425.7500061
CCCCC(Cl)CC,417.15
CCCCC=O,376.15
CCCCCCCCC(=O)OC,486.65
CC=CCl,308.15
O=C1CCOCC1,439.65
CCCCCCC(Cl)Cl,464.15
ClCc1ccccc1CCl,512.65
CCCSc1ccccc1,493.15
CCCCCCCC(=O)OCCC,499.5499939
CC(C)OC(=O)C(Cl)Cl,436.65
CC(CCC(C)C)=NO,468.65
Cc1ccc(O)c(O)c1,524.15
CCCCC(C)(C)C,379.9500031
ON=C1CCCC1,469.15
CC1(CCl)CO1,395.15
c1ccc(CCc2ccccn2)cc1,562.15
CCCCCC(=O)c1ccccc1,538.15
Clc1ccc2ccccc2n1,539.15
CC1CCCC(C)C1C,415.15
C1=Cc2cccc3cccc1c23,553.15
[SiH3]C(Cl)Cl,314.15
COC(=O)c1ccccc1OC,519.65
N#Cc1ccc(F)cc1,461.9500031
CCN(CC)CC#N,443.15
COCC(O)COC,442.15
CCOC(=O)C=C(C)C(=O)OCC,501.15
CCC(C)C(C)(C)CC,413.65
Clc1cc(Cl)cc(Br)c1,505.15
C=C(Br)Br,365.15
Fc1cc(F)c(F)c(F)c1F,358.84999695
CCCCCCCCCCCCCC(C)=O,567.15
CC(C)(C)CN,355.15
CCCCCCCCF,415.5499939
NCCCCCCCN,497.15
CCNC(C)C,342.74999847
CCSC(C)=O,389.5500015
CCCCCC(=O)OCC,440.15
CCC(C)C(C)(C)C,383.15
FC(Cl)(Cl)Br,325.15
CN1C2CCC1CC(=O)C2,500.15
CC=CCC(C)(C)C,380.0500015
CCCCCC(C)(C)C,405.8499969
OC1C=CCCC1,437.15
CCCCCI,428.15
Cc1cccc(C)c1I,502.65
CCc1cc(CC)c(CC)c(CC)c1CC,550.15
CC=C(C)C=O,390.15
CCOc1cccc(Cl)c1,480.15
CC(=O)c1ccc(C)s1,505.65
CCC(Br)C(C)Br,451.15
Cc1ccccc1N=Cc1ccccc1,587.15
CCOc1ccccc1,442.9500031
CC(F)(F)CCl,328.15
Cc1cc(N)ccc1Br,513.15
CN(C)CCN(Cc1cccs1)c1ccccn1,446.15
CCCCCCC(=O)CCCCCC,534.15
CCCCC(C)C(C)O,439.2500061
CCCCCCCCCc1ccccc1,553.65
CCCCCCCOCC,439.15
CCOC(=O)C1(C(=O)OCC)CC1,489.15
CCC(CC1CCCCC1)CC1CCCCC1,579.15
CCCN(CCC)C(C)=O,482.65
OCC=CCO,508.15
COC1CC1,317.85000076
Cc1cc(O)cc(O)c1C,557.15
CCN(CC)c1ccc(C)cc1,502.15
CCC(C)(Cl)CC,389.15
CCC(C=O)CC,390.15
ClC(Cl)=C(Cl)C(Cl)Cl,458.15
COc1ccccc1CN,502.15
C=CC=COC,364.65
COC(=O)c1ccoc1,433.15
CCOC(=O)CCCC(C)=O,494.65
CCC(Cl)CC,370.65
O=C(Cl)OCCCCl,450.15
CCCCCOCOC,416.15
Cc1ccc(Cl)c([N+](=O)[O-])c1,534.15
COCCCl,365.65
CC(Cl)CCCCl,435.15
CC1=CC=CC1,345.92999878
CC(C)=CCCC=C(C)C,439.15
Cc1cc(Cl)c(Cl)cc1Cl,504.15
C=C(CC)CC,337.84999695
C=C(C)C(C)Cl,367.15
CCCC(CC)CC(C)C,431.15
FC1(F)C(F)(F)C(F)(Cl)C1(F)Cl,332.65
CCCCCCC(C)(C)C,428.15
CC1=C(C)CCCC1,411.15
CCCC(C)c1ccccc1,472.15
CC(C)c1ccccn1,432.9500031
CCC(S)CC,378.15
c1ccc2scnc2c1,504.15
COC(=O)C(F)(F)F,316.4
CCCCC(C)CCCC,438.2500061
CCOC(=O)C#Cc1ccccc1,538.15
CC1CCSC1,412.15
c1cc2c3c(c1)CCC3CCC2,522.15
ClCC(Cl)C(Cl)(Cl)Cl,452.65
CC1(C)C2CC3C1C3(C)C2,418.15
CC(C)c1cc(C(C)C)cc(C(C)C)c1,511.15
CN(C)CCCCCCN(C)C,482.65
CCc1ccnc(C)c1,452.15
Cc1ccc2cccnc2c1,530.7500061
CC(C)=CC(=O)O,470.15
CCCOC(=O)c1ccoc1,484.0499939
COC(=O)C(=O)Cl,392.15
ClCc1cccc2ccccc12,564.65
COc1cccc2ccccc12,542.15
CC(C)(C)CCCl,388.15
CCCC(=O)C(=O)OCC,455.65
CCOC(=O)C(C)(C)C(=O)OCC,470.15
CCCCC(=O)OCc1ccco1,501.15
COC(=O)c1ccc(C)cc1O,516.15
CC=CC(=O)OCC,409.65
Cc1c(Cl)c(Cl)c(Cl)c(Cl)c1Cl,574.15
C=CCOC(=O)CC(C)=O,469.15
C=CCC(C(C)=O)C(=O)OCC,481.15
c1ccc(-c2cccc3ccccc23)cc1,607.15
CCOC(C)CO,413.65
CCCCOC(=O)c1ccco1,506.15
C=C(C)C(C)C,328.74999847
CCC(CC)c1ccncc1,490.15
CCC1CCc2ccccc21,485.15
CCCC(C)C(CC)CC,438.15
CCCCCCOC(=O)CCC,481.15
CCCCCCCCCCC(C)O,525.15
CC(C)CN=C=S,433.15
COCC1CO1,386.15
Nc1ccccc1C(F)(F)F,460.15
CNCc1ccccc1,453.65
COc1cccc(OC)c1,490.65
CCc1cc(C)ccc1C,460.0499939
CCCCOC(=O)CCC(C)=O,510.65
CC(Cl)CO,406.65
Pc1ccccc1,433.65
C=C(C)CCCCCC,417.9500031
CCOCC(C)(C)C,364.65
CC(I)I,452.65
CC=Cc1ccc2c(c1)OCO2,526.15
CCC(C)[N+](=O)[O-],412.65
CC(=O)Oc1ccc(C)c(C)c1,508.15
CCCCOC(=O)C(C)C,428.15
CCOc1ccc(C=O)cc1,522.15
CC(C)COCCOCCO,490.15
FC(F)(F)c1ccccc1,375.2499985
CCCC(CC)C(C)CC,438.15
CCCC(O)C(C)(C)C,429.15
CC(F)(Cl)CCl,361.74999847
CN(N)c1ccccc1,501.15
COC(=O)c1ccccc1[N+](=O)[O-],548.15
C1=COCC1,327.65
C=CC[SiH2]C(Cl)Cl,392.65
CCC=CCCCCC,420.65
Oc1ccccc1Cl,448.0499939
CCC(C)C(C)O,407.4500031
CCC(C)S,357.65
FC(F)(F)c1cccc(C(F)(F)F)c1,389.15
FC1(F)C(F)(F)C(F)(F)C2(F)C(F)(F)C(F)(F)C(F)(F)C2(F)C1(F)F,391.15
CCOC(=O)C(CC)(CC)C(=O)OCC,503.15
CCOC(CN(C)C)OCC,443.65
CCOC(C)(C)OCC,387.15
CC#CCC,329.24999847
FC(F)(F)c1ccccc1Br,440.65
CC(Br)C(=O)Cl,405.15
CC(C)C(O)C(C)C,411.8499969
O=COCc1ccccc1,476.15
CCCCCCC(O)CCCC,502.15
Oc1ccc(Br)cc1Cl,506.65
C1=CC2C=CC1C2,362.65
C[Si](C)(C)C#C[Si](C)(C)C,407.15
CCC(=O)c1cccc(OC)c1,532.15
ClC1(Cl)CCCCC1,444.15
CC(Cl)C[N+](=O)[O-],445.15
CCCC(=O)OC(C)C,403.65
CCCC(C)(C)CCC,408.3499969
CCCCCc1ccccc1,478.5499939
CCOC(=O)C(C)Cl,420.15
CCOC(=O)c1cccc(Cl)c1O,542.65
C=C(C)c1ccc(C(C)C)cc1,493.9500031
CCN(CC)CN(CC)CC,438.9500031
C1CCC2CC2C1,389.65
c1ccc2sncc2c1,493.15
C=C=C(C)CC,343.15
C#CCCO,402.15
C1CCOCC1,361.15
COC(=O)C1=CCCN(C)C1,482.15
CCOC(=O)C=Cc1ccccc1,544.15
CCC(C1CCCCC1)C1CCCCC1,556.7500061
CCCCCC=CC(C)C,434.15
CCC1CCc2ccccc2C1,508.15
CCCCCCC#N,456.15
O=Cc1ccc(Br)o1,474.15
CCCCC[N+](=O)[O-],445.65
C=CC=C(C)C,349.65
C=CCOCC,340.74999847
Cc1ccc(C(C)C)c(Cl)c1,489.65
Cc1cccc(Cl)c1N,488.15
CCCCCCCC#N,478.3499969
CCCC[Si](CCCC)(CCCC)CCCC,506.15
CN(C)CCCOC1(Cc2ccccc2)CCCCCC1,424.15
Cc1ncsc1C,431.15
C=CCOC(=O)c1ccco1,480.65
c1ccc(OC2CCCCC2)cc1,534.15
C=Cc1cccc(CC)c1,463.15
CCOc1ccc(C=O)cc1OCC,552.15
C=CC(C)C(C)O,398.65
CCCCCCCC(=O)OCCCC,513.65
CCCCNc1ccccc1,516.65
CCCI,375.7499985
CCC(C)(O)CC,395.5500015
Brc1ccc(Br)c2ccccc12,583.15
C#CCCCO,427.15
CCCCCOCCCCC,463.15
FC(F)(Cl)C(F)(Cl)I,372.15
CCCCC(C)CCC,415.5499939
C=CCC(=O)OCC,392.15
CCCC(C)(O)CC(C)C,444.15
COC(=O)C(C)(C)C,373.65
FCc1ccccc1,413.15
Clc1ccc2ncccc2c1,536.15
C=CC(C)CC,327.35000076
FC(F)(F)C(Cl)=C(Cl)Cl,361.24999847
CC[SiH](CC)CC,382.15
CC(C)c1cccc(O)c1,501.15
CCCCC=CC(=O)O,499.65
CCCCOC(C)C,382.15
C=CCI,376.15
CCN(C)c1ccccc1,477.15
CC(CCl)CCCl,441.65
CC#CC=CC,361.65
CC1CC(=O)CC(C)(C)C1,462.15
Cc1ccc(C(=O)c2ccccc2)c(C)c1,594.65
CC#CC,300.04999962
F[Si](F)(c1ccccc1)c1ccccc1,525.65
CCC(CC)CC(C)(C)C,420.15
CCNC(C)Cc1cccc(C(F)(F)F)c1,381.15
CCCCCCCCCCCCC1CCCCC1,604.15
NCCN1CCOCC1,478.15
CCCc1ccccc1N,499.15
Nc1c(Br)cccc1Br,536.15
CC(C)OC(=O)C(O)C(O)C(=O)OC(C)C,548.15
CCC(C)(CC)c1ccccc1,478.15
CC1=CC(=O)CC1,430.65
NCc1cccnc1,499.15
CCCCOc1ccccc1,483.15
c1cnccn1,388.15
CC(C)(C)CCO,416.15
CC(C)(C)C(C)(C)O,404.15
Fc1ccc(F)c(F)c1F,367.45000305
CC1=CC(=O)CCC1(C)C,490.15
Cc1cccc2c1CCCC2,507.15
CC=C(Cl)Cl,349.65
C=C[SiH2]C(OCC)OCC,406.15
CCCCCC(=O)OCCC(C)C,498.65
COCCN,368.15
Cc1ccco1,338.15
CC(C)CCCC(C)CCO,485.15
O=CC1CCCCC1,432.4500031
CCOC(=O)C(C)C(C)=O,460.15
Cc1cc(C)c([N+](=O)[O-])c(C)c1,528.15
CP(C)C,310.65
CC(C)CC(C)(C)CC(C)(C)CC(C)(C)C,517.15
CCc1cccc(Cl)c1,456.9500031
CCC(=O)C(C)CC,407.65
FCOC(C(F)(F)F)C(F)(F)F,331.65
CC(C)CC(C)(C)C(C)C,426.2500061
C=CCC(O)C=C,406.65
CCN(C(=O)SCc1ccccc1)C(C)C(C)C,408.15
CCOC(=O)c1ccco1,469.9500031
CCC(C)(CC)C(C)C,417.8499969
FC(F)(F)C(F)(F)C(F)(F)F,236.55000153
Cc1cccc2ccc(Cl)nc12,560.15
CC(O)C(C)(C)CO,481.15
CCOC(=O)C(C)C(=O)OCC,474.15
CC(O)CC(C)O,472.15
C=C(Br)CC,361.15
CCCCC(=O)CCC,436.15
C=CCSC#N,434.15
O=C(O)C(F)(F)C(F)(F)F,369.65
O=C(Cl)OCCl,380.15
Brc1ccccn1,467.9500031
CCC(Cl)(Cl)[N+](=O)[O-],418.15
ClC(Cl)C(Cl)C(Cl)Cl,472.15
C=CCCCC(C)C,386.3499969
Cc1cc(C)c(C(C)C)cc1C,494.15
O=C(O)C1CC1,456.15
Cc1csc(C)c1C,435.15
CCC(CC)C(C)(C)CC,436.0499939
FC(F)(F)CCCl,318.24999847
COCCC(C)C,364.15
CCOCCBr,400.65
C=CCCC(=C)C,361.24999847
CC(F)(F)C(F)(F)F,255.75000038
Cc1cncnc1,426.15
Nc1ccccn1,483.7500061
CC(Br)(Br)CBr,463.65
CC(C)OC(=O)c1ccco1,471.65
CCCCCCCCC=O,464.15
c1ccc2nccnc2c1,502.65
CCCCCCCCCCCCS,547.15
CC(C)CI,394.2499985
ClC(Cl)(Cl)CC(Cl)(Cl)Cl,479.15
CN1CCCc2ccccc21,519.15
CC(C)c1cccc2ccccc12,541.15
C#CCCCCCCCCCCCCCCCC,586.15
Cc1cccc(C)c1N(C)C,469.15
Fc1c(F)c(F)c(F)c(F)c1F,353.34999695
COC(=O)c1ccc(OC)cc1,529.15
COc1ccc(Br)cc1,488.15
C=CC(CC)CCC,383.4500031
CCC(C)C(CC)CC,413.15
CC(=O)C1=CCCCC1,474.65
CC#CCCO,427.15
CCCCOC(=O)C(Cl)Cl,466.65
CC(CCO)CCCC(C)(C)O,538.15
C=CCc1ccccc1O,493.15
CCC(C)(Cl)Cl,377.15
CC1CC(C)(C)CCC1=O,464.15
FC(F)(F)C1(F)CO1,289.15
CCCCCCCCCCCCCCCCC#N,622.15
Cc1ccc2ccccc2c1,514.2500061
CC(O)CN,433.15
COC(=O)CCCl,429.15
FC(=C(F)C(F)(F)F)C(F)(F)F,274.65
COc1cccc(Br)c1,484.15
CC(C)(O)CCl,401.65
CC(O)COC(C)C,410.65
CCCCCCC(C)S,435.65
CCCCCCCCCCCC(=O)OCCSC#N,433.15
CCCCCCCCCCC#N,526.15
CCCC(C)C(C)(C)CC,435.0499939
CC(C)(Br)C(=O)Br,436.15
OCC1CCCCO1,458.15
CCCCC(C)C(C)CC,436.5499939
C=C(C)C1CC=C(CO)CC1,517.15
Cn1cccc1,388.15
Cc1cccc2c1C=CC2,482.15
FC(Br)(Br)Br,381.15
Cc1ccccc1C=O,473.15
O=C(O)c1ccco1,504.15
CO[Si](OC)(OC)c1ccccc1,499.0499939
O=[N+]([O-])CBr,422.15
CCCC(C)C(C)(C)C,406.7500061
CC1(C)CCCC(C)(C)N1,429.15
Cc1cc(C)c(N)c(C)c1,505.65
ICCI,473.15
c1ccc(NNc2ccccc2)cc1,582.15
CCCCC(Cl)CCl,446.15
CCC(C)I,393.15
CCCC(C)C(C)=O,416.65
Cc1cn[nH]c1,479.15
C[Si](C)(Cl)CBr,404.15
CCc1c(C)cccc1C,463.15
CCOC(=O)C(Br)CBr,487.65
COC(=O)c1ccco1,454.4500031
CCCNC(C)C(=O)Nc1ccccc1C,432.15
CCc1ccc(C)cc1C,461.5499939
CCSC(C)C,380.65
Sc1ccc(Br)cc1,503.65
COc1ccc(Cl)cc1O,514.15
CCC(O)C(C)O,460.65
CC(=O)c1cccc(N)c1,562.65
FOc1ccccc1,424.65
COc1cc(C)ccc1O,494.15
CCCc1ccco1,388.15
Cc1ccccc1CN,479.15
CCC(CC)CCC(C)C,432.8499969
CC=CC(C)(C)C,353.55000153
Clc1cc(Cl)nc(Cl)n1,485.65
CCCCc1cc(C)ccc1O,501.15
CC(C)c1cccc(C(C)C)c1O,529.15
FC(F)(F)c1nc(C(F)(F)F)nc(C(F)(F)F)n1,368.65
CNc1ccc(N)cc1,531.15
C=C=CCC,318.05000153
CCOC(=O)CC(C)C(=O)OCC,490.65
c1cncnc1,396.9500031
O=C(c1ccccc1)c1cccs1,573.15
CCCCCCC(=O)OCC,460.15
O=[N+]([O-])c1ccc(Cl)c(Cl)c1,528.65
FC(F)(F)c1cccc(Br)c1,424.65
C#CC(=O)OC,376.15
Cc1cc(C)c(Br)cc1C,507.15
O=C1CCCN1CC#CCN1CCCC1,425.65
COc1ccc(CO)cc1,532.2500061
CCCCCCC(=O)c1ccccc1,556.4499877999999
C=CC(O)CCC,407.15
CCCC(=O)OCc1ccco1,485.65
CC(N)C(C)(C)C,375.15
CC(C)SSC(C)C,450.15
COCC(C)=O,389.15
COC(=O)c1ccccc1,472.15
CCCC(=O)OCCOC(=O)CCC,513.15
C#CC1(O)CCCC1,430.65
CC(=O)CCC(=O)OCC(C)C,501.15
O=C(c1ccccc1)c1ccc(Br)cc1,623.15
CC1CCCC1=O,412.65
C1=COCCC1,359.15
N#Cc1cccc(N)c1,562.15
CC(C)C(=O)Cl,365.15
CCCCCCC1CCCC1,476.15
Cc1cccnc1,417.2500061
BrCI,412.65
CCCCCCCCCCCCCCCC(C)C,584.15
CC1CS1,345.65
CCCCC(O)CCCC,466.15
Brc1ccsc1Br,491.65
COCF,292.15
CCOc1ccccc1C,457.15
Fc1ccc(-c2ccc(F)cc2)cc1,527.65
CCOC(=O)C(Cl)Cl,428.15
CCCCCOC(=O)CCCCC,499.15
Cc1ccccc1N(C)C,467.2500061
C=COC(=O)C(C)C,377.65
CCOc1cc(Cl)c(N)c(Cl)c1,548.15
C[SiH2]C=C(Cl)Cl,365.65
C=CCCCCCCCCCCCCC,541.3500122
FC(F)(Cl)C(F)(Cl)C(F)(F)Cl,346.84999695
Clc1cccc(-c2ccccc2)c1,557.65
CCCCC(C)C(C)=O,437.15
Clc1cccc(Br)c1Cl,518.15
ClC(C(Cl)(Cl)Cl)C(Cl)(Cl)Cl,522.15
CCCCCCC(C)CCC,460.15
CCOC(=O)c1ccc(OC)cc1,542.65
c1cnc2c(c1)CCCC2,495.15
CCC(C)C1CCCCC1,452.4500031
ClC(Cl)[SiH2]c1ccccc1,479.65
CC(C)Oc1ccccc1,449.9500031
Cc1cccc(N=Cc2ccccc2)c1,588.15
O=[N+]([O-])c1cccc(Cl)c1Cl,530.65
CCCC1CCCCC1=O,470.15
C=C[Si](C)(C)OCC,372.15
CCOC(OCC)C(Cl)(Cl)Cl,470.15
CC1C(c2ccccc2)OCCN1C,407.65
CCC(O)CCl,414.15
COc1ccccc1I,514.15
CC1CCCOC1,382.15
c1ccc(C2CCNCC2)cc1,530.15
COc1cccc(F)c1,432.15
CCCOC(=O)c1ccccc1O,512.15
CC(O)(CCl)CCl,447.65
O=C(Cl)C(Cl)Cl,381.15
CC(CCl)[N+](=O)[O-],445.65
CCOC(C)(OCC)OCC,418.15
[C-]#[N+]CCCC,393.15
CCCCCCCN,429.15
CC(C)CC(Cl)Cl,403.15
N#Cc1c(F)c(F)c(F)c(F)c1F,435.15
CCC(C)C(=O)C(C)CC,435.15
CCC(=O)CCl,410.65
Cc1cc(C)c(Cl)c(C)c1,478.15
Cc1coc2ccccc12,470.15
CCCCCOC(=O)CCC,459.5499939
CCCC(C=O)CCC,433.15
CC(C)CCOC(=O)C(C)O,475.5499939
CCCCCC(C)CC,417.3499969
CCCC(C)CCC,390.8499969
CCOCC(=O)Cl,398.15
CC1CNCCN1,426.15
Cc1ccc2c(c1)CC=C2,480.15
CCCCO[N+](=O)[O-],406.15
C=CC(C)(C)C,314.35000076
CCOC(C)C,327.65
CCCOCOCC,386.5200027
CC(C)OC(=O)OC(C)C,417.15
OCCCCCCCCCF,398.15
CC1(C)CCCCC1,392.7499985
C#CCCCCCCCCCCCCCC,557.15
ClCc1cc(Cl)c(Cl)cc1Cl,546.15
CCSc1cccc(C)c1,492.15
CC=Cc1ccccc1O,493.15
Cc1c(C)c(C)c(N)c(C)c1C,550.65
ClC1=CCCCC1,415.65
O=c1c2ccccc2sc2ccccc12,646.15
C1=CCCCCCC1,411.15
CC(C)(C)Cl,323.15
C=C[Si](C)(C)O[Si](C)(C)C=C,412.15
CCCCCCBr,428.4500031
NC1CCC1,355.15
CC(C)(I)I,446.15
COC(O)COCCOCCO,519.15
C=COC(=O)C=C,363.15
C1=CC=CC=CC=C1,413.65
CCOC(=O)C(Br)CC,450.15
CC1(O)CCCC1,409.15
N#Cc1cccc2ccccc12,572.15
CC1CCCC(C)O1,389.15
CC(C)(O)CO,449.15
C#CC=O,333.15
CCC1CCCCC1C,429.15
COC(=O)c1ccc(C)cc1C,505.65
CC1=CCCC(C)(C)C1CO,488.15
IC1CCCC1,439.65
CCOc1ccc(CC)cc1,483.15
Cc1cccc(C(C)(C)C)c1O,503.15
O=C(Br)c1ccccc1,491.65
COC1CCCC1,379.15
COC(=O)C(F)(F)C(F)(F)C(F)(F)F,353.15
CCOC(O)COCCOCCO,528.9500031
NN1CCOCC1,439.15
CC(C)(C)CC(=O)Cl,403.15
CCCC(C)(CC)CC,413.7500061
Cc1ccnc2ccccc12,535.15
CC1CCCC(C(C)C)C1,439.65
CCCCC(CC)CCC(=O)CC(C)C,525.65
CCCCCCCC(C)O,466.65
C#CCC,281.15
CCN(CC)[N+](=O)[O-],479.65
CCCN(CCC)C(=O)SCc1ccccc1,402.15
CCCCC1CCCC1,429.7500061
CC1CC(C)(C)CC1=O,433.65
CCO[Si](CCC#N)(OCC)OCC,497.15
FC(Cl)(Br)Br,353.45000305
NC1CCCC1,381.15
Clc1ccoc1,353.15
CCn1cccc1,402.65
CC=C(C)C(C)(C)C,385.15
COC(=O)C(Br)CBr,479.15
CCCON=O,321.15
Cc1ccc(CO)c(C)c1,505.15
Cc1cccc(C)c1C,449.2500061
OCC(F)(F)F,347.15
C#CC(C)(C)N,352.65
COC(=O)CC#N,473.65
CC(Cl)C(C)(C)O,414.65
CC=C(C)C(C)C(C)=O,427.15
CCCC(O)(CC)CC,433.15
CCOC(=O)C(Cl)CCl,456.65
CCCC(C)CC,364.15
C=CCCC=O,372.15
CCOc1ccccc1Cl,483.15
CC(Cl)C(Cl)Cl,405.15
CCCC(C)(C)C(C)(C)C,433.4500031
C=CCOCCC,364.15
CC(C)(C)S,337.15
CC1=CC=C(C(C)C)CC1,448.15
CC[Si](Cl)(Cl)CC,404.15
COc1ccccc1Cl,471.65
CN(C)CCN,377.15
CC(C)CCC(C)(C)C,397.15
Cc1cc(C(C)(C)C)cc(C)c1O,521.15
CC1=CCCC(=O)C1,474.15
Cc1ccc(Cl)c(C)c1,457.15
CC(C)C(N)=O,491.15
CCOC(=O)c1ccc(Br)cc1,536.15
CC[Si](F)(F)CC,334.15
CC1=C(C)C2CCC1C2,413.65
CCCCc1cccnc1,479.65
CN1C2CCC1CC(O)C2,514.15
CCCCCC1CCCC1,453.15
C=C(C)C=CC(=C)C,419.15
CCCCCCCCOC(=O)CCC,517.2500061
CC=CC=C(C)C,384.65
CC(C)CCSCCC(C)C,484.15
CCOC(=O)c1ccc(OCC)cc1,548.15
CCCCCCOC,399.2499985
Fc1c(F)c(F)c(C(F)(F)F)c(F)c1F,377.65
Cc1c(F)c(F)cc(F)c1F,398.65
CC(=O)OC1CC2CCC1(C)C2(C)C,494.15
Cc1nccc2ccccc12,521.15
CC(O)CN(C)C,397.65
CC1CCCC(O)C1,436.15
CCOP(=O)(N=C1SCCS1)OCC,388.15
CCOc1ccccc1OCC,492.15
CCCc1ccccc1C,458.15
FC(F)(Br)C(F)(Cl)Br,366.15
O=C(Cl)c1c(F)c(F)c(F)c(F)c1F,431.65
CCCSC,368.74999847
C1CCC2(CC1)CCCCC2,480.15
CCC(C)(O)CCl,424.15
CC(=O)CC1CCCCN1,468.15
CCC(C)(C)CC(C)(C)C,426.9500031
CCCOC(=O)Cl,388.3499969
CCCC(C)(CO)CO,507.15
CCCCCCC(=O)OCC(C)C,481.15
C=CCOC=C,339.15
CCC(C)CCCC(C)C,433.5499939
CSc1ccccc1,466.15
CCCCC=CCO,451.15
Brc1ccccc1I,530.15
COC(=O)COc1ccccc1,518.15
Clc1cccc(Nc2ccccc2)c1,611.15
CN(C)CC(O)CN(C)C,454.65
FC(F)OC(F)C(F)(F)F,296.65
CCCCCCC(=O)O,495.3499969
O=CCCCl,403.15
CC(=O)O[Si](C)(OC(C)=O)OC(C)=O,494.4500031
CCCC(C(C)=O)C(=O)OCC,497.15
Clc1ccc(Cl)c2ccccc12,561.15
Brc1cccc2ccccc12,554.15
CCCO[Si](OCCC)(OCCC)OCCC,499.15
COc1ccccc1-c1ccccc1,547.15
C#CCCCCCC#C,435.15
CCCCCCCc1ccccc1,513.15
CC(=O)c1ccc(C)cc1,499.15
CC(C)C(C)(C)C(C)(C)C(C)(C)S,500.15
CC(C)CC(O)C(C)C,430.65
CCCCCCOC(C)=O,444.65
Nc1ccccc1S,507.15
NCCc1ccc2c(c1)OCO2,439.15
BrCCCCBr,470.15
c1ccc2c(c1)OCO2,445.65
CCc1cccc(C(C)C)c1,465.15
C=CC(C)=CC,350.15
CC=CC1CCCCC1,405.15
FC(F)(F)C1(F)C(F)(F)C(F)(F)C(F)(F)C(F)(F)C1(F)F,349.45000305
CCOC(=O)CCCCCCCC(=O)OCC,564.65
O=C(Cl)Oc1ccccc1,458.15
CN(C)CC#N,410.65
O=COCC(F)(F)F,333.15
CC1CCC(C)(C)C1,378.0500015
CCO[Si](CCCC#N)(OCC)OCC,512.4500031
CC(C)(Br)Br,388.15
FC(F)(F)C1(C(F)(F)F)C(F)(F)C(F)(F)C(F)(F)C(F)(F)C1(F)F,375.15
CC1CC1,273.849999988
CCOC(=O)CCBr,452.15
CCCC(CCC)CCC,430.65
CC(C)C(C)(C)O,391.5500015
CCCCCCCC(=O)CCCCCCC,564.15
c1cc2c(cn1)CCCC2,491.15
CCCC(C)Cl,372.15
CC(=O)c1cccc2ccccc12,570.15
C=CC(C)(C)CC,350.65
c1ccn2cccc2c1,478.15
CCC(C)c1ccc(N)cc1,511.15
C=CCCC(=O)O,461.65
O=C(CC(=O)C(F)(F)F)C(F)(F)F,343.15
Cc1c(Br)cc(Br)cc1Br,563.15
Cc1cc(C)c(O)cc1O,549.15
CCC(C)(C)I,397.65
CCC=CC(C)C,359.05000153
CCCCOCOCC,409.65
C=CCOC=O,356.74999847
CC1COCC1C,381.7499985
CCOC(=O)C(CC)C(C)=O,471.15
CC(CC1CCCCC1)CC1CCCCC1,568.3500122
CCC#CCCCCC,430.2500061
CC(CO)CO,468.15
CCO[Si](C)(C)OCC,386.65
CCCCCCC1CCCCC1,497.15
Nc1cccc2c1CCCC2,552.15
FC(F)(F)C(F)(F)C(F)(F)C(F)(F)C(F)(F)C(F)(F)C(F)(F)C(F)(F)F,375.9500031
CCCCSC,396.65
Cc1ccc(N=Nc2ccccc2)cc1,585.15
C=CCc1cc2c(c(OC)c1OC)OCO2,558.15
ClCCCCCCCCCl,514.15
COC(=O)c1cccc(O)c1,554.15
c1cc2c(c3c1CCCC3)CCCC2,568.15
NCCc1ccccc1,470.65
C1CCC(CCCCCC2CCCCC2)CC1,598.15
C=CCS,338.15
BrCCCCCCBr,518.65
C=CC(CC)c1ccccc1,464.65
N#CCCCCl,465.15
CCCCCCc1ccccc1,499.2500061
FC(F)(F)C(Cl)=C(Cl)C(F)(F)F,341.65
CCCOCC,336.35000076
CCCCC(CC)COC(=O)CS,406.65
CCC(CC(C)C)C(C)C,427.2500061
CCCCCC(C)N,415.15
CC1=CCC(C(C)C)CC1,447.65
COc1ccc(CC(C)=O)cc1,541.15
Nc1ccc2c(c1)CCC2,521.15
CCCCCCC(C)CC,441.0499939
COC1CCCCC1,401.15
CCC=C(C)CCC,394.15
c1ccc2c(c1)CCC2,451.0499939
Cc1ccc(N=C=S)cc1,510.15
O=C(C(Cl)(Cl)Cl)C(Cl)(Cl)Cl,476.15
ClCCCc1ccccc1,492.65
CC=C(C)CC,340.84999695
CCC(C)CCC(C)CC,433.9500031
Fc1cccc(Br)c1,423.15
CC(C)CC(C)Cl,386.15
C=CCC(O)CCC,425.2500061
CCc1ccc(C)c(C)c1,462.65
Clc1ccc(C(Cl)Cl)cc1Cl,530.15
CC(C)N(CCO)C(C)C,463.15
FC(Br)C(F)(F)F,281.75000038099995
CCCC(C)I,423.15
CCOC([O-])[O-],416.15
CC(C)(C)c1ccc2ccccc2c1,549.15
Clc1cccc(Cl)c1Cl,491.65
FC(F)(F)C(Cl)(Cl)C(Cl)(Cl)C(F)(F)F,404.15
CCC1(C)CCCC1,394.7499985
CCCC(C)(C)Br,415.65
CC1CC(=O)OC1=O,512.15
OCCCC(F)(F)F,398.15
CCOc1ccc(Br)cc1,504.15
CCc1cc(C)nc(C)c1,460.65
Fc1ccccn1,400.15
O=C(OC(=O)C(F)(F)F)C(F)(F)F,312.65
C=C1CC=C(C(C)C)CC1,446.65
CCCCCCCCCCC(C)=O,519.65
ClC=C(Cl)C(Cl)Cl,435.15
CCC(C)(C)c1ccccc1,465.5499939
CCCCCOC,372.15
CC=CCCCCCCCC,465.65
CC1CCC(C)c2ccccc21,499.15
CCCC(=O)C(C)(C)C,420.15
CC(=O)c1cc(C)c(C)cc1C,519.65
C=C(C)C(=O)CC,391.65
C=C(C)C(C)CCC,383.65
CCC#CCC,354.15
CCC(C)OC(=O)Cl,399.15
COCCOCCOC,435.15
N#CSCCl,458.15
CSC#N,406.0499939
CCCCCCCCOC=O,471.9500031
C=CC[Si](C)(C)Cl,384.15
CC(C)CN,341.65
COC(=O)CC(C)C,389.65
CC=CCO,396.15
CCC(C)(C)Br,381.15
CCN1CCCC1,377.15
Fc1cccc(C(F)(F)F)c1,374.65
CC(C)COc1ccccc1,470.65
C=CCOc1ccccc1,464.8499969
CCOC(=O)CCC(C)=O,478.9500031
CO[N+](=O)[O-],337.74999847
Fc1c(F)c(F)c(Cl)c(F)c1F,391.0500015
CCC(c1ccccc1)c1ccccc1,554.7500061
Brc1cccc(Br)c1,491.15
CCOCc1ccccc1,459.15
CCOC=Nc1ccccc1,487.15
CCOC(=O)c1ccc(F)cc1,483.15
C1CC2CCCC2C1,412.15
CCOC(CO)OCC,440.15
CCCN=C=S,426.15
CC1=CCC2CC1OC2(C)C,456.65
N#Cc1cccc(Br)c1,498.15
CCCC1CCCCC1C,449.15
C=CCCCCCC=C,415.65
CC1=CCc2ccccc21,471.15
NC1CCCCCCC1,463.15
O=C(Cl)c1cccc(Cl)c1,498.15
Cc1ccccc1CO,497.15
CC(Cl)CC(Cl)Cl,425.15
CC(C(c1ccc(Cl)cc1)c1ccc(Cl)cc1)[N+](=O)[O-],453.15
CC1CCC(C)CC1,393.15
CCC#CCCO,436.15
OC(F)(F)C(F)(F)C(F)(F)C(F)(F)C(F)(F)C(F)(F)C(F)(F)CF,434.15
CCC(C)(C)C(=O)Cl,405.15
CCC(C)(Cl)CCl,407.15
CC1CCCC(C)C1O,449.15
OCC1CCCC1,436.15
Cc1cc(Br)ccc1O,508.15
CC(C)C(C)c1ccccc1,460.15
CC(C)CC(=O)OC(=O)CC(C)C,488.15
C=CC1CCC1C=C,385.65
Cc1ccc(C)c(C=O)c1,493.15
Cc1c(Cl)cccc1[N+](=O)[O-],511.15
CC(C)(C)Cc1ccccc1,459.15
CCCCOC(=O)OC,423.65
CC(C)COCc1ccccc1,485.15
CCCCc1ccccc1O,508.15
C=COC(C)=O,345.95000305
BrCCBr,404.7500061
CCCCCCCCCCCl,496.5499939
COCC(C)OCC(C)OC(C)CO,515.5499939
CC(C)CC(C)C,353.55000153
Fc1cccc(Cl)c1,400.7499985
C=CC(C)CCC,357.05000153
COCCCOC,378.4500031
CC(C)(C)CC(C)(C)C,395.3499969
CCCNCC,354.15
FC(F)(F)C(Cl)(Cl)C(F)(F)Cl,345.15
COCC(C)C,328.15
CC(C)CN(C)C,353.65
C=CC=CCC,345.15
FC(F)(F)c1ccc(Cl)cc1,412.4500031
C#CC#C,283.45000019
CCCCc1cccc2ccccc12,562.4499877999999
Ic1cccc(I)c1,558.15
CC1CCCS1,407.15
CC(C)Cc1ccc(N)cc1,511.15
Cc1ccc(N=Cc2ccccc2)cc1,591.15
CC(C)CCCCCCO,479.15
Oc1cccc(C(F)(F)F)c1,451.15
Cc1ccc(-c2ccccc2)cc1,540.65
CCSc1ccccc1,478.15
CC(C)C(=NO)C(C)C,454.15
O=Cc1cccc(Cl)c1,486.65
CC(C)=CC(=O)Cl,419.15
CC(C)(C1CCCCC1)C1CCCCC1,559.15
C=C(C)CC(C)O,402.15
CCCN(CCC)c1ccccc1,515.15
O=COC1CCCCC1,436.15
O=C(Cl)c1ccc(Cl)cc1,495.15
Cc1cccc(N)n1,481.65
CCCC(C(=O)OCC)C(=O)OCC,494.15
CC=CC(=O)CC,411.65
FC(F)(F)c1cccnc1,387.15
O=[N+]([O-])c1ccc(I)cc1,561.15
CCOCOC,338.9
CC1CCCC(=O)C1,442.65
Clc1cccc(C(Cl)(Cl)Cl)c1,528.15
COC(C)(C)CC(C)=O,433.15
CCCC(CC)c1ccccc1,482.15
Cc1cccc2[nH]ccc12,540.15
COCC(=O)Cl,385.65
COCC(=O)c1ccccc1,518.15
CC(c1ccccc1)C1CCCCC1,538.15
Cc1ccccc1C,417.65
CCOC(=O)C(Cl)C(=O)OCC,495.15
O=C(CS)OCCOC(=O)CS,410.15
CC(Br)C(C)Br,434.15
CCCCC(CC)CO,457.85
CCCC1CCCCC1,429.95
C1CCC(CC2CCCCC2)CC1,526.0
C1C2CC12,281.4
C1CC2CC2C1,353.77
C1CC2CCC12,353.0
C1CC2CCC2C1,382.4
C1CCC2CCC2C1,409.9
CCCN1CCCCC1,425.25
CCN1CCNCC1,430.15
CCCN1CCNCC1,440.15
CCCCN1CCNCC1,460.15
C1CC2NC2C1,395.65
C1CC2CNCC12,409.15
CN1CC2CCC2C1,398.15
C1CCC2CNCCC2C1,480.15
C1CC2OC2C1,375.2
C1CCC2OC2C1,404.7
C1COC2CC2C1,394.15
C1CC2CCC2O1,378.15
C1CC2COCC12,389.65
C1CC2COCC2C1,422.15
C1CCC2COCC2C1,452.65
C1CC2CSCC2C1,471.15
C1CC2CCSC2C1,464.15
C1CCC2CSCCC2C1,519.15
CCC(C)(C)CC,359.15
CCC(CC)C(C)C,388.75
CC(C)CCCC(C)C,408.15
CCC(C)CC(C)(C)C,400.15
CCC(CC)(CC)CC,419.35
CCCCCC(CC)CC,438.15
CCCCC(CC)CCC,436.15
CCCC(C)CCC(C)C,430.15
CCCCCCCCCC(C)C,484.15
CCCCCCCCC(C)CC,485.15
CC(CC(C)(C)C)CC(C)(C)CC(C)(C)C,519.15
CC1CC1(C)C,326.15
CC1(C)CCCC1,360.95
CC1CC(C)CC(C)C1,414.15
C1CCCCCCCC1,446.15
CC(C)CC1CCCC1,421.15
CCC1(CC)CCCCC1,451.15
CC(C)(C)C1CCCCC1,444.75
CCCCCCCC1CCCC1,497.15
CCCCCCCCC1CCCC1,515.15
CCCCCCCCCC1CCCC1,535.15
C=CCC(C)CC,360.15
CCCC(C)=C(C)C,395.15
C=C(C)C(CC)CC,382.35
C=C(C)CCCCCCC,440.15
CC1CC=CC1,341.15
CC1=CCC(C(C)C)=CC1,456.15
C=C=CCCC,349.15
CC(C)=CC=C(C)C,408.35
C#CCCCC,344.35
C#CCCCCC,372.95
CCCC#CCCC,406.65
OCCCO,487.85
CCC(O)CO,469.57
Oc1ccc(O)cc1,561.15
Oc1cccc(O)c1,553.15
CCCC(O)CCC,434.15
CCCCC(C)(C)O,415.15
CC(C)CCC(C)O,424.15
CCCCCC(O)CCC,465.65
CCCCCCCCCC(C)O,504.15
CCCCCCC(CO)CCCC,521.15
CCCCC(C)C=O,414.15
CC(=O)OC(C)C,361.75
CC(=O)OCCOC(C)=O,457.15
CC(=O)OC(C)OC(C)=O,441.15
CCCOC(=O)C(C)C,407.15
CCCCC(=O)OCC,415.15
CCCCC(=O)OCCC,440.15
CCCCCCCOC=O,457.15
CCC(CC)COC(C)=O,434.15
CCCCCCCCCOC=O,489.15
CCCCCCCC(=O)OCC,479.15
C=COC=O,315.15
C=COC(=O)CCC,389.85
C=CC(OC(C)=O)OC(C)=O,449.15
C=C(C)C(=O)OCCCC,436.85
CCCOC,311.65
CCCCOCOCCCC,452.85
CCc1ccco1,365.15
CC12CCC(CC1)C(C)(C)O2,449.15
C#Cc1ccccc1,416.15
CC1=Cc2ccccc2C1,482.15
CCc1cccc(C)c1C,467.15
Cc1cc(C)c2ccccc2c1,538.15
CCc1cc(CC)c(CC)c(CC)c1,523.15
CC(C)(C)c1ccc(C(C)(C)C)cc1,510.45
CC(C)(c1ccccc1)c1ccccc1,554.15
CCCCCCC1CCCc2ccccc21,578.15
CCCCCCCCCCCCCCCCCc1ccccc1,675.15
COC(=O)CO,422.15
CC(=O)CCC(=O)O,518.15
CCOCCC=O,408.35
COC(=O)CC(C)=O,441.15
CCCOCCOCCO,487.95
CCCCC(C)C(=O)O,487.15
CCCCCCCCCC(=O)O,543.15
C#CC#CC,328.15
C#CC(C)CC,330.85
CC#CC(C)C,346.25
C#CC(C)CCC,358.15
C#CC(C)C(C)C,353.15
C#CC(CC)CC,369.32
C#CC(C)(C)CC,343.15
C#CCC(C)(C)C,349.25
C#CCC(C)CC,364.15
CC#CC(C)(C)C,356.15
CCCC#CCCCC,427.15
CC#CCCCCCCC,457.75
CCCC#CCCCCC,448.05
CCC(C)C(C)C(C)C,412.25
CCCC(C)(CC)C(C)C,439.15
CC(C)CC(C)C(C)(C)C,421.56
CCC(C)(C)C(C)(C)CC,443.15
CCC(CC)C(=O)O,466.95
CCCCCC#N,436.75
CCCCl,319.67
CCC(C)Cl,341.25
CCC(C)CCC(C)C,409.15
CCC(C)CCO,426.15
CCCC(C)(C)CO,426.15
CCC(O)CC(C)C,421.15
CCCC(C)C(C)O,425.15
CCC(C)C(O)CC,423.15
CCC(CC)C(C)O,425.15
CCCC(C)C(O)CC,443.15
CC(CO)CC(C)(C)C,441.65
CCCC(O)C(C)CC,435.15
CC(C)CC(C)(C)CO,441.45
CCCCCCCCC(C)O,484.15
CCCCC(O)C(C)C,440.65
FCC(F)Cl,308.13
FCC(Cl)(Cl)Cl,356.2
FCC(F)(Cl)Cl,344.7
FC(F)C(Cl)(Cl)Cl,347.7
FC(Cl)C(F)(Cl)Cl,346.34
CC(C)F,263.06
CCC(F)F,268.3
CCC(F)(F)F,255.1
CC(F)(F)CF,291.84
CC(F)(F)C(F)F,272.37
FC(F)CC(F)F,290.3
FCC(F)(F)CF,300.14
FC(F)C(F)(F)C(F)(F)F,257.84
ClCC(Cl)(Cl)C(Cl)Cl,464.74
ClC(Cl)CC(Cl)(Cl)Cl,454.0
CCC(F)Cl,320.63
CC(Cl)C(F)(F)F,318.98
FC(F)(F)CC(Cl)(Cl)Cl,376.6
FC(Cl)C(F)(Cl)C(F)(F)F,325.05
FC(C(F)(F)Cl)C(F)(Cl)Cl,363.62
CCCCF,303.97
CCC(C)F,296.3
FC(F)C(F)(F)C(F)(F)C(F)(F)F,285.97
CC(Cl)CCCl,406.86
CC(C)(Cl)CCl,380.66
FC=CF,220.4
FC=CCl,285.9
FC=C(Cl)Cl,310.8
CC=CF,247.3
CC=C(F)F,244.12
FC(F)(F)C=CCl,291.17
C=C(Cl)C(F)(F)F,285.51
FC(F)(Cl)C(Cl)=C(Cl)Cl,401.38
CC(F)=CC(F)(F)F,287.32
COCC(F)(F)F,304.95
COC(Cl)CCl,398.64
COCC(Cl)Cl,379.3
COCC(F)(F)C(F)F,347.44
COCC(F)(F)C(F)(F)F,321.57
COC(F)(F)C(F)(F)C(F)F,340.96
COC(C(F)(F)F)C(F)(F)F,322.43
COC(F)(F)C(F)C(F)(F)F,327.48
FC(F)C(F)(F)OCC(F)(F)F,329.3
FC(F)OCC(F)(F)C(F)(F)F,319.33
OCC(F)(F)C(F)(F)C(F)(F)F,369.2
COC(F)(C(F)(F)F)C(F)(F)F,303.56
FC(F)COC(F)(F)C(F)(F)F,318.53
FC(F)OC(C(F)(F)F)C(F)(F)F,316.3
FC(F)(F)COC(F)(F)C(F)(F)F,300.84
FC(F)(F)OCC(F)(F)C(F)(F)F,299.35
FC(F)(F)OC(F)(F)C(F)(F)C(F)(F)F,279.95
CCOCCCl,371.62
C=COC(F)(F)F,247.59
C=C(C)OC,308.85
CC(F)C(F)F,291.84
CC(F)(Cl)C(F)(F)Cl,328.73
FC(Cl)C(Cl)C(F)(F)F,343.25
FC(C(F)(F)F)C(F)(F)Cl,290.25
FC(F)(F)C(Cl)C(F)(F)F,287.25
FC(F)C(F)(F)C(F)(F)Cl,294.22
FC(F)(F)C(Cl)C(F)(F)Cl,323.95
FC(F)(Cl)C(F)(F)C(Cl)Cl,364.32
FC(Cl)(Cl)C(F)(F)C(Cl)Cl,400.13
FC(F)(C(Cl)Cl)C(Cl)(Cl)Cl,444.64
CCC(C)(F)F,303.93
FCCCCF,332.5
CCCC(F)(F)F,289.4
CC(C(F)(F)F)C(F)(F)F,294.64
CC(F)(F)C(F)(F)C(F)(F)F,288.25
CC(C)C(Cl)Cl,380.07
ClCC(Cl)=C(Cl)Cl,418.83
CC(F)CCl,341.62
FC(F)(F)CC(Cl)Cl,345.52
FC(F)(F)C(F)(F)CCl,301.25
FC(F)C(F)C(Cl)(Cl)Cl,368.32
O=C1OCCO1,521.15
CC1COC(=O)O1,514.75
O=S1(=O)CCCC1,558.15
CS(C)=O,462.04
CC#N,354.76
CN(C)C(=O)N(C)C,449.65
COP(=O)(OC)OC,470.37
COP(C)(=O)OC,454.26
CC,182.52
