SMILES,fp
C1COCO1,274.82
COCOC,255.37
C1CCOC1,258.71
COCCOC,273.15
CCOCCOCC,308.15
C1OCOCO1,318.15
C1COCOC1,275.15
C1COCCO1,285.37
CCOCC,228.15
CCOC(C)OCC,252.59
CCCCCCC,269.26
C1CCCCC1,253.15
c1ccccc1,262.04
Cc1ccccc1,277.59
CC(C)c1ccccc1,308.71
CCOc1ccccc1,335.92999999999995
COc1ccccc1,324.82
Cc1cc(C)cc(C)c1,323.15
Oc1ccccc1,352.59
COCCOCCOCCOC,384.26
CCO,285.92999999999995
CCCCCO,305.92999999999995
O=C1OCCO1,416.15
O=C1CCCO1,371.48
COC(=O)OC,272.59
CCOC(C)=O,268.71
CC1COC(=O)O1,389.15
CCCC(=O)OC,287.04
CCOC(=O)OCC,298.15
CCCC(=O)OCC,297.04
CC(=O)OCCOC(C)=O,369.26
CCC(=O)OC,270.92999999999995
O=S1(=O)CCCC1,438.71
CS(C)=O,368.15
CC#N,278.71
N#Cc1ccccc1,344.82
C(CC#N)C#N,405.37
C(C#N)C#N,403.15
C1=CC=C(C=C1)[N+](=O)[O-],361.15
CN(C)C(=O)N(C)C,348.15
CC(=O)N(C)C,339.26
CN(C)C=O,340.37
CCOP(=O)(OCC)OCC,388.71
COP(=O)(OC)OC,422.04
COP(=O)(C)OC,316.48
Clc1cccc(Cl)c1,336.48
Ic1ccccc1,350.15
CCO[Si](OCC)(OCC)OCC,310.37
O=[N+]([O-])c1ccc(O)c([N+](=O)[O-])c1,415.95
CC(C)N(C=O)C(C)C,348.0
CCCC=CC(=O)OCC,335.45
CCOc1ccc(C)cc1,343.15
C#CC(C)(C)O,298.15
C1=CC=CCC=C1,299.85
CCCC(C)CC,258.0
C=CCC(C)O,298.75
CC1CCCCC1O,331.0
CCCCC(C)CCCO,358.0
CC=CCCC,247.0
COc1ccc(C)cc1N,384.15
CC1CNCC(C)C1,305.15
C=C(C)C1CC=C(C)CC1,318.15
CC(C)c1cccc(C(C)C)c1,349.0
C=C(C)C(=O)OCC1CO1,349.261
COC(C)COC(C)COC(C)=O,364.65
CCCC(=O)OCc1ccccc1,380.0
COc1cc(C=O)ccc1O,390.75
CCC(C)OC(C)=O,290.15
CCCCCCCCCCCCCCCCCCCCCCCCCCCCC,475.0
CCCOC(=O)CCC(=O)OCCC,384.55
Cc1ccc(O)cc1O,403.25
CC(C)CCOC(=O)C(=O)OCCC(C)C,387.45
CCOC(=O)C=CCC(=O)OCC,379.85
CC=C1CCCCC1,297.05
CCCC(N)CCC,314.45
CCC=CCC1=C(C)CCC1=O,380.15
CCN(CC)c1ccc(N)cc1,412.15
CC1CCCCC1C,284.0
CCCCCCOC(=O)CCCC,361.05
CCCC(CC)C(C)CC,314.0
CC(C)CC#N,301.45
COC(C)C,225.0
CCCCCCCc1ccccc1,368.0
CCC(C)C(C)C(C)C,288.0
C1CCC(OOC2CCCCC2)CC1,381.0
CC(C)(O)C#N,347.15
CCCCCc1ccccc1O,399.45
COC1CCCCC1,293.85
CC1(C)C2CCC3(CO3)C1C2,339.15
CC(=O)C(C)C,272.0
CCCCCCCC(=O)OCCC,361.05
Cc1ccccc1C#N,357.15
Cc1ccc(C(=O)O)c(N)c1,446.45
CC(C)C(C)C(C)(C)O,323.15
Cc1cc(C)cc([N+](=O)[O-])c1,384.55
CC1CCCC(C)C1,278.0
O=C1C=CCCC1,329.0
CCCNCCO,351.0
CCC(C)CC(C)CC,288.0
Cc1ccc(C)cc1,298.0
CC(=O)OCC=C(C)CCC=C(C)C,372.05
CC1CCC(C)C(C)C1C,313.65
CC(C)(C)c1cc(C(C)(C)C)c(O)c(C(C)(C)C)c1,402.45
C=COCCN(C)C,301.55
Cc1cc(C)c(C)c(C)c1,336.0
CCCCCCCCCCCCCCCCCCCCCCCCCCC,475.0
O=C(O)CCCc1c[nH]c2ccccc12,484.95
CC12CCC(CC1=O)C2(C)C,337.55
C1CCC2OC2C1,300.35
CC(O)CO,372.15
COCC(O)COC,331.35
c1ccc(-n2cccc2)cc1,368.45
OCc1ccc(O)cc1,418.95
COCCC(=O)OC,320.15
CCCOC(=O)C(C)C,306.55
C=C[N+](=O)[O-],296.35
CCOC(CC)OCC,285.95
CCC(C)c1ccc(C)cc1C,354.5
CC(C)NCCO,343.45
CCCC(C)CC=O,305.75
CCCCCCC(C)=O,325.15
Oc1ccc2ncccc2c1,416.25
CC(C)(C)c1ccccc1,317.0
CC(=O)Oc1ccc(C)c(C)c1,364.65
CCCCCCC(=O)OCC(C)C,356.05
CCC=CCCOC(C)=O,330.35
c1ccc2cc3c(ccc4cccnc43)cc2c1,476.35
CC(C)(C)C(=O)OC(=O)C(C)(C)C,336.0
C=C(C)CCC(C)=O,311.85
CC(=O)CC(=O)OC(C)(C)C,349.0
CCCCOCc1ccccc1,356.55
CC(C)COC(=O)c1ccccc1O,383.15
C1CCC(CCCCC2CCCCC2)CC1,402.05
C=CC(C)(C)O,286.15
C=CC(C)O,293.0
C=C(C)CCCCCCC,315.75
N#CC(c1ccccc1)c1ccccc1,424.75
c1ccc2c(c1)-c1ccc3ccc4cccc5cc-2c1c3c45,520.35
CCOC(=O)CCCC(=O)OCC,369.25
C=C(C)C(=O)OCCCCCCCC(C)C,394.15
CC(C)CCOC=O,299.15
CCC(CC)C(C)C,276.0
CCc1cccc(C)c1,311.0
CCCCCCCCCCCCCCCC(=O)O,461.0
C=COCC(C)C,264.15
CC(C)C=O,254.0
CCCCCCCCCCCC=O,375.15
C=COC(=O)CCC,299.55
C=CN(CC)C(C)=O,345.65
CCCCCCCCc1ccccc1,380.0
CC1(C(=O)O)CCCCC1,387.15
COC(=O)c1cccc(C(=O)OC)c1,411.15
Cc1ccccc1CO,377.55
CCC(C=O)CC,294.0
CCNCC,250.0
CCC(=O)Cc1ccccc1,364.0
Cc1ccncc1C,326.15
Nc1ccc(Oc2ccccc2)cc1,428.95
CCOC(=O)c1ccc(OCC)cc1,387.15
Cc1cccc(C#N)c1C,373.15
CC1(C)C2CCC1(C)C(O)C2,338.75
C1CCC(CCCC2CCCC2)CC1,379.05
CCC=CCCC,264.0
CC1=CCC(C(C)C)=CC1,324.0
COC(C)CCOC(C)=O,329.05
CCCCOC=O,291.0
c1ccc2c(c1)ccc1c2ccc2cccnc21,476.35
C=Cc1cccc(CC)c1,333.0
NCc1cccc(CN)c1,403.55
CCc1ccccc1N,358.15
CCCCC(=O)CCCC,333.15
CCCCCC(=O)c1ccccc1,378.65
C=CN(C)C(C)=O,336.0
CC(C=O)Cc1ccc(C(C)(C)C)cc1,381.15
CCN1CCC(=C(c2ccccc2)c2ccccc2)C1,446.15
CCCC(=O)O,342.0
CCC(C)CCC=C(C)C,305.15
COC(C)OC,256.0
O=CC1CCCCC1,314.0
CCCCNc1ccccc1,380.0
C=CCCCCCCCCCCCCC,385.0
CC1CCC(O)C1,328.15
c1ccc(-n2ccnc2)cc1,393.85
Nc1cccc2ccccc12,430.15
CC(C)CC(O)CC(C)C,347.15
CCCCCCC(C)O,345.0
COC(C=Cc1ccccc1)OC,372.55
COC(=O)Cc1ccccc1,367.05
CCC(C)OC(C)CC,288.0
CCOCCC=O,311.15
CC(Cc1ccccc1)c1ccccc1,385.05
C=CCO,294.0
CCCCCCCC(=O)c1ccccc1,389.85
CCCCCC(O)(CC)CC,354.25
OC(CNc1ccccn1)c1ccccc1,458.65
c1cc2c(cn1)CCCC2,373.15
CCC(C)CCC(C)C,288.0
CCCCCCCCOC(=O)CC,365.15
CCCCC(O)c1ccccc1,383.85
CCCCCC(C)c1ccccc1,360.4
NC(=O)Cc1cccc2ccccc12,481.35
CCOC(CCCN)OCC,335.95
O=C1CC2CCCCC2C1,352.75
CC(C=O)CCC(C)(O)C=O,388.15
CCCCCCC=CC=O,357.55
CC(CCO)c1ccccc1,375.25
CCOC(N)=O,365.15
CC(CC(C)(C)C)CC(C)(C)CC(C)(C)C,368.0
O=C1CCCCCCCC=CCCCCCCC1,430.25
OCCCCCCCCCCO,425.1
CC1CCC(=O)C1,307.0
CCC(CC)(CO)CO,374.0
COc1cc(N)c(C)cc1N,433.45
CCCCCCN,300.0
CCCCCCCCN,333.0
CCCC(C)(CC)CCC,310.9277778
C=CCOC(C)=O,295.3722222
CCCCCOC(=O)c1ccccc1,386.35
Cc1c[nH]c(C)c1,329.75
CC=Cc1ccccc1,325.15
COc1cccc(N)c1,382.75
CCCOC(C)=O,288.15
CCC(C)OC=O,276.65
CCCCOc1ccc(N)cc1,396.75
CC=CC(C)O,300.95
OCCOCc1ccccc1,383.15
CCCC(C)CC(C)C,288.0
CCCCCCCC(O)CC,372.0
CCCC(=O)CC(=O)OCC,351.45
CC=CC#N,293.15
Cc1cc2ccoc2cc1C,361.85
CCCCOCCOCCOCCCC,391.15
COc1ccccc1OCC(O)CO,442.75
CC(CC=O)CCCC(C)(C)O,376.95
C#CC(C)C,221.15
Cc1c2ccccc2cc2ccccc12,430.65
C#CCN(C)Cc1ccccc1,356.15
CC1CCC2CC1C2(C)C,313.15
CC(C)C(=O)OCC(C)(C)C(O)C(C)C,393.15
COc1ccc(N)c([N+](=O)[O-])c1,431.55
CCc1ccc(C)cc1O,368.55
CC1CCCCCC1,293.05
C=CCCCCC,265.0
C=COC(=O)C(C)(C)C,282.0
CCOC(=O)N1CCNCC1,370.25
CC(C)CCC(CO)C(C)C,353.05
CCOC(=O)C(NC(C)=O)C(=O)OCC,418.35
CCCC(CC)CC,278.0
Cc1ccccc1[N+](=O)[O-],379.15
C(CCOCC1CO1)COCC1CO1,395.25
COC(C)COC(C)CO,358.15
CC(C)(C)CC=O,283.75
C=COC(=O)C(CC)CCCC,338.15
CC(=O)CC(C)C,287.0
NC(=O)c1ccccc1O,419.45
OCCNc1ccccc1,421.15
Cc1cccnc1,309.15
CC=CCO,305.95
C=COC(=O)C=C,286.65
C=CCC(C)C(C)C,283.85
CC(C)(C)O,284.0
Cc1cccc(O)c1C,368.1
CC(C)=CCCC(C)=CC#N,376.85
CCC(C)c1ccc(O)cc1,388.75
CC(C)CCCC(C)O,340.35
CC=CC=O,286.15
C=CC(=C)CCC=C(C)C,312.15
Cc1ccccc1C(C)C,331.0
Cn1cccc1,288.0
CCC(C)CC(=O)O,361.55
C=CCC1CCCC1,285.0
CCCCNCCCC,325.15
Cc1cc(C)c(O)c(C)c1C,383.95
C1=CCC(C2CC3C=CC2C3)CC1,352.95
CCCC(O)CC,314.817
CCCCn1cccc1,330.05
CC1=CC(C)CCC1,285.0
CCC(C)(C)c1ccc(O)c(C(C)(C)CC)c1,416.15
c1ccncc1,293.15
CCOC(C)COC(C)CO,364.0
C=CCc1ccccc1O,361.15
c1ccc(C2CCNCC2)cc1,386.12
COC(=O)c1ccc(C)cc1,369.15
CC(C)OCCO,316.0
CC(=O)OCC(C)C,291.0
CC1(C)CCCC(C)(C)N1,297.55
C=C(C)C(=O)OCCO,370.372
CCC1CCCCCC1=O,344.0
CC(=O)OCCC(C)C,298.15
CCC(=O)OCCc1ccccc1,386.0
CC1CC(O)CC(C)(C)C1,347.15
O=[N+]([O-])c1cccc([N+](=O)[O-])c1,423.15
C=CCOC(=O)CCC1CCCCC1,381.85
CCc1cc(C)c(C)cc1C,348.75
CCCCCC(O)CCCCC,367.15
CC(=O)C(C)(C)C,278.15
NCc1cccnc1,373.15
c1ccc(Cn2cccc2)cc1,376.35
C#CC(O)CC(C)C,323.25
CCCC(C)C(=O)O,364.0
C=CCOCC=C,266.0
C=CC=CCC,254.2
CCOC(=O)CC(C)C(=O)OCC,370.45
CCCC=CCCC,281.0
CC(C)C1CCCCC1=O,338.0
C=C(C)CCCCC,283.0
O=c1c2cc(O)ccc2oc2cc(O)cc(O)c12,497.85
C=CCCCCCCCCCC,346.0
CCCCCCCCCCCCCCCN,402.45
Oc1ccc2c(c1)CCCC2,404.95
C=Cc1ccncc1,324.817
CC(C)CC(=O)OCc1ccccc1,372.05
CCCCCCCCCCCCC,352.15
CC1C(O)CC2(C(C)C)CC12,356.85
CC(O)C(C)(C)C,302.05
C=CC(C)(C)C(=O)O,357.45
C=CCOC(=O)CC,306.65
CC(C)C(=O)C(=O)C(C)C,323.65
CCC1CCCC1,269.0
CCc1cccc(-c2ccccc2)c1,398.45
CCC(C)C(C)O,313.0
CCOC(=O)c1ccc([N+](=O)[O-])cc1,421.35
CC(C)OC(=O)c1ccccc1O,369.65
CC(C)c1ccc(C(C)C)cc1,349.0
CCC(=O)OC1CCCCC1,340.95
CC(=O)OC1CCCCC1C(C)(C)C,363.95
O=C1CCCCCCCCCCOCCCCO1,447.55
Cc1ccc(C)c(O)c1C,373.15
CC(C)(C)C(C)(C)O,306.75
CC1(C)OCCO1,274.85
CCC(C)(O)C#CC(C)(O)CC,382.15
CCCCOC(C)=O,295.0
CC#CCC,243.0
OCC1CCCC1,335.0
Nc1cnc2ccccc2c1,440.95
CCCC(C)(C)c1ccccc1,346.15
OCCOCCO,397.0388889
c1ccc(CC(c2ccccc2)c2ccccc2)cc1,430.05
CC(=O)OCCCc1ccccc1,386.0
CCc1ccc(C=O)cc1,365.35
OCC(O)COc1ccccc1,429.55
Cc1cccc2cccnc12,377.575
C=C(C)C(=O)OCCNC(C)(C)C,369.15
CC1OC1C,258.15
O=NN1CCCC1,356.15
N#Cc1cccc2ccccc12,413.85
O=Cc1ccccc1,335.0
CCOCCCN,305.95
C=CCc1ccc2c(c1)OCO2,370.15
CC=CC,199.8166667
CCCCCCCCCCCCCCCCCCCCCCCCCC,475.0
COCC1CCCO1,306.45
COCCOCCOCCO,391.15
C=C(CC)CCCC,283.55
CCc1cccnc1,322.05
CC1=CC(=O)C2CC1C2(C)C,358.15
COCCNCCOC,331.0
c1ccc(CC2OCCO2)cc1,380.95
CCCCOC(C)C,280.45
Cc1nc2ccccc2o1,348.15
CC(=O)c1ccc[nH]1,365.55
CC(C)(C)c1cccc(C(C)(C)C)c1O,391.15
COC(=O)CO,340.35
O=[N+]([O-])c1ccc(CO)cc1,421.25
CC(C)CC(=O)CC(C)C,322.0
CCCCNCCO,352.45
CC(=O)CC(C)(C)N,329.35
Cc1ccc(N)cc1O,389.45
CC(=O)CNC(=O)Oc1cccc(C(C)(C)C)c1,434.25
C#CCCCCCCCCC,338.0
CC(C)CC(=O)O,343.15
CCc1c(C)c[nH]c1C,344.15
CC(C)N1CCCC1=O,366.15
CC1CCCC1,248.575
CCCc1cccc(C)c1C,345.0
CN(C)CCN,297.05
CCCCC(C)CCC,295.0
C#CCCCCCC,289.0
CCOc1ccc(N)c([N+](=O)[O-])c1,436.35
CCc1ccc2ccccc2n1,371.85
CC1=CCCO1,261.0
C1CCCCCC2OC2CCCC1,386.15
CC1CCC(O)CC1,343.0
CC#CCCCCCCCCC,351.0
Cc1ccc2ccccc2c1,370.0
CCC(=O)OCc1ccccc1,369.25
CCC(=O)OC1CCC2C3CCC4=CC(=O)CCC4(C)C3CCC12C,469.45
C=C(C)CCC,247.0
CN(C)c1ccccc1,336.15
CNC(=O)Oc1ccccc1C(C)C,387.15
CC1CCCC(=O)C1,321.0
CCCCO,302.15
COCCc1ccccc1,325.65
CCCC(=O)OCC(C)C,319.0
C=C1N(C)c2ccccc2C1(C)C,367.15
CCC(=O)OCC=C(C)CCC=C(C)C,370.85
CCCCCCCCCCCCCCCCCN,419.35
CCCC#N,290.15
C=CCOC(=O)CCCCCC,355.35
C=C(C)C(=O)OCCCCCCCCCC,387.85
C=CCC(C)CC,258.0
CCCCCCCC(=O)OCC,354.0
CCCCCCC(=O)CCCC,345.95
CC(C)Oc1ccccc1,335.05
CCCCN1CCCC1,309.25
COC(C)CO,315.05
CCCCCCCCOC(=O)C(C)C,367.15
CC(=O)C(C)(C)O,315.35
CC1(C)C2CC=C(CO)C1C2,362.55
COc1ccc(C(C)(C)C)cc1,361.35
CCCCOCCC,288.75
O=CC=Cc1ccc([N+](=O)[O-])o1,414.85
C=CCNCC=C,282.075
C=CCC#N,294.0
CC(C)(C)C,208.0
CCCCCCc1ccc(N)cc1,394.512
CCOC(=O)c1ccccc1O,380.15
c1ccc2ncncc2c1,379.817
C=CCCCCO,320.35
COCC#N,304.85
C=C(C)C=O,275.15
CC(C)CCOC(=O)c1ccccc1,382.55
COC(=O)c1ccccc1O,369.2611111
CCOCCOC(C)=O,324.0
CCCCc1c(C)[nH]c(N(C)C)nc1=O,406.05
CC1=CCC2CC1OC2(C)C,336.35
CCN(CC)c1ccc([N+](=O)[O-])cc1,418.05
C=C=CCCCC,275.35
CCCC[N+](=O)[O-],320.0
CCC(C)(C)CC(C)(C)C,304.0
CN1C2CCC1CC(=O)C2,363.15
CCOc1ccccc1N,372.35
CCCOCCCO,326.15
CC(C)CO,300.9277778
CC(=O)OC(C)CCCC(C)C,338.35
C=COC(=O)CC,274.0
CCCCCCC(=O)OC,325.0
COC(=O)C(C)=O,312.15
Cc1cccc(C)c1,298.0
O=[N+]([O-])c1ccc2c(c1)oc1ccccc12,456.55
Cc1ccccc1O,354.0
C1=CCCCCCCCC1,332.25
C=CC(O)CC,298.15
COC(C)CC=O,299.35
Cc1cnc2ccccc2n1,380.15
CCCCCCCC(=O)CCC,365.0
Cc1cccc(O)c1O,389.85
CCCCCC#N,318.05
CCC(C)(C)C(C)C,273.0
CCOC(=O)C=CN(C)C,342.05
CC(C)(C)c1ccc(O)cc1,384.05
COC(=O)CC(C)C(=O)OC,356.45
NCCN1CCNCC1,366.15
COc1ccc(C)c(N)c1,388.878
CCCC(C)=O,280.3722222
CC1CC(C)CC(C)C1,292.0
CCC(=O)OCCC(C)CCC=C(C)C,363.95
CCCCCC[N+](=O)[O-],345.15
Cc1ccc(C(C)C)cc1,320.0
C=CCOC(=O)C=CC(=O)OCC=C,393.0
C=C(C)C#N,285.5569445
Cc1cccc2c1C=CC2,347.85
Cn1cnc2ccc([N+](=O)[O-])cc21,443.85
C=C(C)CC(C)(C)C,267.05
CC=CC(=O)OCC,301.45
CCCCCCC(C)C(=O)O,402.85
CCCC#CCCCCC,325.0
CC1=Cc2ccccc2C1,344.15
C=C1CCCCC1,271.0
CCCCC#CCO,351.15
CCCCC1CCCC1,308.0
COCC(=O)OC,308.15
CCCCCCCC(=O)OC(=O)CCCCCCC,415.55
CCCOC,232.0
CC(C)(O)c1ccccc1,360.0
CC1C=CCCC1,270.0
CCOc1ccc(N)cc1,389.15
C=C(C)C1CC=C(C)C(=O)C1,361.15
CCC(=O)OC(C)(C)C,293.0
NCc1ccccc1,349.15
CC=CCCCCC,294.0
CC1CC(C)C(C)C1,282.35
CC=CCCCO,334.25
CC(C)=CCCC(C)=CCO,381.15
CCCCCCCCCCCCCC1CCCC1,418.35
Cc1nccc2ccccc12,379.85
c1cc2ccc3cncc4ccc(c1)c2c34,456.35
CC1=CC(=O)CC1,326.25
CCc1ccc(CO)cc1,377.55
CC(C)c1ccc(C(C)C)c(C(C)C)c1,369.55
O=c1c(O)c(O)c1=O,392.99
CCOCC(C)OC(C)=O,327.0
CC(C)(C)c1ccc(C(=O)O)cc1,408.05
CC=O,235.3722222
CCC1CCC(=O)C1,319.0
CCC(C)NC(C)CC,297.0
c1ccc(CNCc2ccccc2)cc1,416.45
CCCCCCOC(=O)C(C)(C)C,349.85
CC1C=CC2C(C1)C2(C)C,303.25
CCCCCCCOC=O,333.15
CCc1ccc(O)c(OC)c1,380.85
CC#CCCCCCC,312.0
CC1CCCC(C)C1C,301.05
Cc1cc(C)cc(N)c1,366.15
c1ccc2c(c1)ccc1c3cccnc3ccc21,476.35
CCCOCOCCC,298.55
CCCCCCOC(=O)CC,338.15
CCCCCCCCCCCCCCCCCCc1ccccc1,459.25
Cc1ccccc1Oc1ccccc1C,387.45
Cc1cc(C)cc(O)c1,365.45
CC(=O)OC(C)C,275.0
CCCCCCCCCCCC#N,387.15
C=CCC(=O)O,341.35
CCOC(=O)CCCCC(=O)OCC,384.55
N#CC1CCCCC1,341.95
CCCCOC(=O)C(C)C,319.85
Cc1cccc2cc[nH]c12,383.65
Cc1ccc([N+](=O)[O-])c(C)c1,380.15
CC(C=O)c1ccccc1,349.261
Cc1cccc(C#N)c1,359.85
CC1CCCC(=O)CCC1,344.0
O=[N+]([O-])c1cccc(O)c1,400.05
CC1CCC(O)CC1C,351.45
CCCCCCCCCCCC,346.325
CCOC(=O)c1cccnc1,366.15
CCCC(O)C(CC)CO,400.15
O=C1CCCC(=O)C1,358.85
CCC=CCCCC,290.0
C=CC(O)CCC,308.15
CCOC(=O)C1(C(=O)OCC)CC1,359.85
CCC(C)(O)Cc1ccccc1,371.75
CC(C)CCCCC(C)C,314.0
CC(=O)OOC(C)(C)C,312.95
CC(C)(N)CO,340.35
CCCCCCCCCCC(=O)OC,382.55
CC(C)C1CC=C(C=O)CC1,356.75
CCOC(=O)c1cc2ccccc2o1,392.65
C=C1C2CCC(C2)C1(C)C,308.05
CCC(C)Cc1ccccc1,337.0
Nc1ccc(Oc2ccc(N)cc2)cc1,492.15
c1cc[nH]c1,312.15
OCCN1CCNCC1,375.05
COc1cccc(OC)n1,334.15
Cc1cc(C(C)C)ccc1O,377.25
Nc1cccc2cccnc12,444.65
CCC#CCCC,278.0
CNC(=O)Oc1cccc(C)c1,373.05
CCCC(=O)N(CC)CC,351.35
CC(C)CC(C)(C)CO,330.0
CCCCC(CC)COCC(CC)CCCC,380.65
CC=CC=CC(=O)OCC,342.0
CCOC(=O)c1ccc2ccccc2c1,421.85
CCc1ccc(CC)cc1,329.15
NC1CCCC1,285.0
CCOCC(C)C,259.0
CCOC(=O)C(C)[N+](=O)[O-],362.55
CCNc1ccc2ccccc2c1,430.15
C=CC(=O)OCCCCCC(C)C,364.15
O=C1CCOCC1,336.75
CCCCCCCCCCCCO,399.8166667
CCCCC(CC)COCC1CO1,370.15
CCCCC(C=O)CC,319.0
CC(=O)Oc1ccc(C)cc1,363.15
Cc1ccc(C)c(C)n1,320.75
CC(C)=C1C=CC(C)CC1,337.55
CCN(N)CC,295.95
COc1ccc(C)c(C)c1,348.75
COCC(C)OCC(C)OC(C)CO,394.15
Cc1cccc(N)c1N,404.25
CC(C)CCCO,324.85
CC(C)CC(C)O,314.0
C=CC(C)C(C)CC,283.85
CC(O)c1cccc(N)c1,399.25
Cc1cnc(C)c(C)n1,327.55
CCCCCCC(C)CC,311.75
CCC=CCC(=O)O,379.55
CCCCCCC(C)(C)O,344.25
COCC(C)N,281.15
O=C=Nc1ccccc1,329.15
CCCCC(C)C(=O)O,378.0
Cc1ccc(CCN)cc1,363.15
CCC(=O)CO,333.15
Cc1cc2c(cc1C)CCCC2,374.65
Cc1ccc(C)c(C)c1C,341.0
CCCCCCCCCCCOC(C)=O,384.0
COC(=O)C(=O)OC,348.15
Cc1c(N)ccc(N)c1C,424.65
CC(O)CN,346.1180556
CCCC=CCCC(=O)OCC,352.0
CCOC(=O)c1ccncc1,362.15
CCCCCOC(=O)CCCC,349.65
CC(=NO)C(=O)c1ccccc1,403.85
C#CC(O)CCCC,323.95
O=C(O)Cc1ccccc1,405.15
CCCC1OC1(CC)CO,347.05
C=CCCCCC(=O)O,386.45
CC(CO)c1ccccc1,366.0
CCC(C)(CC)CC,276.0
CC(=O)Cc1ccccc1,360.65
C=CCCCCCCCCC,327.0
CCOCc1ccccc1,332.0
CC(O)COC(C)C,321.35
CCCOC=O,270.0
CC(=O)OC1CC2CCC1(C)C2(C)C,361.15
CCCCC(C(=O)OCC)C(=O)OCC,366.15
Cc1cc(C(C)(C)C)c(O)c(C(C)(C)C)c1,391.55
CCCCCC(C)CC,297.0
C=C(C)c1ccccc1,313.0
CCN(CC)C(=O)N(CC)CC,360.15
C=CCCCCCCCC,311.0
CCCCC1CCCCC1,321.0
C#CC(C)(O)C(C)C,310.35
CCCCOCCOCCCC,358.15
CC(C)c1ccc(O)cc1,368.45
CCCCCCC(CO)CCCC,382.0
CCCCCOc1ccccc1C(=O)[O-],405.15
C1CCCOCC1,287.35
Cc1cc(C)c(C)cc1C,327.15
CCc1cc(C)cc(CC)c1,342.95
COc1cc(C#N)ccc1O,403.25
CC(C)(C)CCC(=O)O,366.0
CCCC(N)CO,368.15
CCC(O)C(C)C,319.0
N#CCc1ccc(O)cc1,410.35
O=[N+]([O-])c1c(O)ccc2ccccc12,417.45
Cc1cc(O)c(C)c(O)c1,413.95
CC1COC(C)CO1,297.15
CC(C)CCCCCCCO,377.5944444
Cc1cccc(C)c1N,364.15
CCCCCCCCCC1CCCC1,377.35
CCC(C)c1ccccc1O,385.15
CC(C)(C)c1cc(C(C)(C)C)cc(C(C)(C)C)c1,372.25
Cc1cccnc1C,318.55
CCCCCCCCN(C)C,338.15
CC(C)=CCCC(C)CC=O,351.0
CC1=CCC(O)(C(C)C)CC1,352.15
C=CCc1ccccc1C,330.45
CC(O)C(=O)O,383.05
CC(C)c1ccc2ccccc2c1,382.85
CC1CCC(C(C)(C)O)CC1,362.85
OC1CCCC1,324.0
C1=Cc2c3ccccc3cc3cccc1c23,461.75
CC(C)C(=O)OC(=O)C(C)C,340.0
O=[N+]([O-])c1cc([N+](=O)[O-])c(O)c([N+](=O)[O-])c1,423.15
Cc1cncc(C)c1,326.15
CC(=Cc1ccccc1)CO,395.65
c1ccc(C2CCCCC2)cc1,371.0
Cc1ccc(C(C)(C)O)cc1,369.15
CCCCCCC(C)C,297.0
CC=C(C)C=CC=C(C)C,324.95
C=C(C)C(=O)OCCCCCC,355.15
CC#CC(=O)O,364.05
C=CC1CC=CCC1,289.0
C=C(CC)CC,247.0
Cc1cnc(C)c(C)c1,315.95
CCC(=O)CC(C)CC,316.0
C=CCc1ccc(OC)cc1,354.15
C1CCC(CCCCCC2CCCCC2)CC1,412.35
CCCCCCCCCCC(C)O,386.0
O=C(Cc1ccccc1)Cc1ccccc1,422.55
CCC(=O)O,331.0
C=CC=CC#N,312.25
CCCCCCCCCCCCCCCCCCN,422.15
CCCCCC(O)CC,338.0
CCCCOC(=O)c1ccccc1,380.0
CC1(C)OCC(CO)O1,353.15
Cc1cc(C)cc(-c2ccccc2)c1,394.75
CC1CCC(C)CC1,279.0
CCCCCCCCC1CO1,351.15
CCC(C)C(C)C(C)CC,304.0
Cc1c2ccccc2c2ccc3cccc4ccc1c2c43,509.85
c1ccc2occc2c1,329.0
C=CC(C)(O)CCC=C(C)C,351.15
COc1cccc2cccnc12,375.85
CCN(CC)c1ccc(C)cc1,374.25
CCCCCC=CC=CC(=O)OCC,386.0
Cc1cc[nH]c1,320.35
CCOCC(C)O,313.15
CCCCOc1ccc(O)cc1,405.55
CCOc1ccccc1C(=O)[O-],380.0
CCCC(=O)CC,296.0
COC(C)CCO,319.85
CC=Cc1ccc2c(c1)OCO2,383.15
CCOC(=O)C(C)CC,306.55
CC(N)c1ccccc1,348.953
CC#CC(=O)OCC,326.35
COC(=O)CC(C)C,292.55
Cc1ccc2oc(=O)ccc2c1,397.45
CC(C)CC(=O)OC(=O)CC(C)C,364.45
C1CCC2CCCCC2C1,323.0
Cc1ccc(N=C=O)cc1,337.05
CCC(O)CC(C)O,374.15
C=CCOC(=O)CCCCC,347.15
C=C(C)C(=O)OC1CCCCC1,355.15
CCC(CC)C(C)(C)C,286.0
CCCCCCCCCCN,358.0
C=CCNc1ccccc1,362.55
CCCCCC(C)=O,312.15
Cc1cncnc1,316.406
CCCCC(CC)CO,347.0
CCCCCCC(C=O)=Cc1ccccc1,413.65
CCCCCCCCCC(C)O,380.0
COC(=O)c1ccc(OC)c(OC)c1,395.35
CCCCCCC#N,333.65
CC(=O)Nc1ccc(C(=O)O)cc1,492.85
COc1cccc2ccccc12,375.45
Cc1c([N+](=O)[O-])cccc1[N+](=O)[O-],417.0
CC(C)CC=O,286.15
CCCOC(=O)c1ccccc1O,373.65
CC(C)COC(=O)CC(C)C,323.65
Oc1ccccc1-c1ccccc1,397.15
CC(C)(C)CCO,321.0
Cc1ccc2[nH]nnc2c1,410.55
OCCN1CCOCC1,372.55
CCCCc1ccncc1,354.821
C=C(C)C(C)CCC,279.85
CCC(C)CO,323.15
CCC(C)C(C)(C)C,270.0
O=COCCCc1ccccc1,374.55
c1ccc2c(c1)CCNC2,372.05
CCCC(=O)C(C)C,297.05
CCCCC(=O)CCC,318.1
C1CC2OC2CC1C1CO1,359.55
C1CCC(CCC2CCCCC2)CC1,379.85
CC(C)(C1CCCCC1)C1CCCCC1,385.55
CC=CCc1ccccc1,329.35
CC(C)COC(=O)C(C)C,311.0
CCCC(C)C(C)(C)C,288.0
CCCCCCCC(C)O,354.8166667
COc1ccc2oc3cc(O)cc(O)c3c(=O)c2c1,478.15
C=CC(=O)OCCCO,370.15
CC(C)=CC(N)=O,364.35
CC(O)CNCC(C)O,399.15
CCCCCCCCOC(=O)c1ccccc1C(=O)OCCCCCCCC(C)C,497.75
C=CC(=O)OCC(C)C,303.15
CCCCN(CCCC)CCCC,344.0
CC(C)(C)CC(C)(C)C,276.0
CCCc1ccncc1,337.66
CCC#CCCO,336.45
CC1(CCO)CCOCO1,374.65
COC(=O)c1cccc(C)c1,368.75
O=C([O-])CC1CCCCC1,331.0
CCCCCCCCCC(C)=O,362.0
C=C(C)C(=O)OCCCC,322.0
CCC(CC)CC,261.0
CCc1ccc2ccccc2c1,377.15
CCCCCCCCCCCCCC=O,394.65
CCCCC[N+](=O)[O-],334.0
CCOC1CCCCC1O,353.55
c1ccc(Oc2ccccc2)cc1,388.15
CC(C)C(C)C,244.075
CC(C)CN(CC(C)C)CC(C)C,324.15
CCCCOCC,268.0
CC(C)C(C)C(C)(C)C,284.0
CC(C)CCc1ccccc1,335.0
C(OCC1CO1)C1CO1,343.75
CCC(C)=O,270.15
CCN1CCCC(N)C1,333.75
C=CC(=O)OCC(CC)CC,328.85
C=CC(O)c1ccc2c(c1)OCO2,408.35
CCC(C)C1CCCCC1,321.35
CC(C)OCCCO,328.35
C=CCOC(=O)CCCCCCC,368.15
c1ccoc1,237.0
CC=CCCCCCCC,320.15
CC1=CC(=O)CC(C)C1,352.15
CCCCCCCCCCCCCCCCCCC(=O)O,483.0
CCCCCC(C)O,344.15
CCCCCCCCCCCCCCCCCC(=O)OCCCC,433.0
CCC(=O)CC,285.9277778
C=CCN(C)N=O,338.95
C=CC(C)=CC,245.0
C=CC(=O)OC1CCCCC1,341.0
c1ccc2c(c1)ccc1cc3ccc4ccccc4c3cc12,537.65
COc1ccc(N)cc1,377.65
c1ccc2c(c1)ccc1nc3ccc4ccccc4c3cc12,513.45
O=C(O)c1ccc([N+](=O)[O-])cc1[N+](=O)[O-],460.45
Cc1ccc2ccccc2c1N,430.25
CC(=O)CO,329.15
Cc1ccc([N+](=O)[O-])c(O)c1,382.15
Oc1cccc2c1CCCC2,395.75
CCCCCCC(=O)CC,340.95
c1ccc2c(c1)CCCC2,350.0
CCCCCCCCCCCCCCO,418.0
c1cc(CCc2ccncc2)ccn1,390.35
C1=CC2C3C=CC(C3)C2C1,305.0
CC(C)(C)c1ccc(O)c(C(C)(C)C)c1,388.15
CCOC(OCC)OCC,303.15
CC(=O)OC(C)(C)C,277.0
CC=C(C)C(=O)OCC,317.15
C=COC,217.15
CCCCOCCCC,298.0
CC(C)Cc1ccc(C(C)C(=O)O)cc1,436.0
CC(C)(C)CC1(C)CO1,301.15
CCC(C)(O)CCC(C)C,343.15
CCCCCCCCC(C)=O,358.0
CC=CC1CCCC1,285.0
C=CC(=O)OCCCCCC,331.45
CC(=O)OCc1ccco1,339.15
CCCCC(O)CC,328.0
CC1(C)CCCCC1,280.0
CCOCCCCO,330.05
O=COCc1ccccc1,355.0
C=CC(C)(CCC=C(C)C)OC(C)=O,367.15
CCC=CCC,245.0
COC1C=CC(OC)O1,320.0
CC(C)OC=O,259.0
CC(=O)Nc1ccc(C=O)cc1,454.95
CC1CCC(C)(C)C1,279.55
C=C(C#N)C(=O)OCC,355.15
CCC(C)c1cc([N+](=O)[O-])cc([N+](=O)[O-])c1OC(=O)C=C(C)C,444.85
CCCCCCC(C(=O)OCC)C(=O)OCC,395.85
CCN(CC)C(=O)CC(C)=O,367.15
CCC(=O)c1cccc(OC)c1,372.05
CC(N)CN,306.0
Cc1ccc(O)cc1,359.15
CCNc1ccccc1,358.075
CC(NC(C)c1ccccc1)c1ccccc1,410.35
CCOc1ccccc1OCC,346.95
CC(N)Cc1ccccc1,360.55
Cc1ccc(O)c(C(C)(C)C)c1,375.65
CCCCCCCCCOC(C)=O,372.0
CC1=CCC2CC1C2(C)C,306.0
COC(=O)C(C)(C)C,279.85
CCCC=CC=O,308.15
CC=CC(=O)CC,307.55
CCC(C)(C)CC,254.0
C=CC(C)=O,266.15
C=CC#N,273.1125
CCCCCCCCC(=O)OC,360.0
Cc1ccc(CC#N)cc1,379.25
CC(O)C(C)(C)O,343.35
CC(C)CC(C)CC(C)C,304.0
CCCC(O)CCC,334.95
Cc1ccc2cccc(C)c2c1,381.85
CCCC(C)c1ccccc1,333.75
CC(C)CC(=O)OCC=Cc1ccccc1,401.45
c1cc2c(c3c1CCCC3)CCCC2,405.35
OCc1cccc(O)c1,420.485
CCOCCC(=O)OCC,330.9277778
NCCO,358.1125
Cc1ccccc1C(=O)O,407.0
CCCc1cccc2ccccc12,392.05
CC12CCC(C(=O)C1)C2(C)C,342.45
CCCCCCCCCCOC=O,373.0
CC(=O)OCCC(C)CCC=C(C)C,361.35
C=C(C)c1ccc(C)cc1,332.55
C=CCCCCCCCCCCC,352.0
Cc1ccc(C(=O)O)c(C)c1,404.45
COc1cccc(CO)c1,383.05
NC1CCCCCCC1,335.95
Cc1ccccc1Oc1ccccc1,380.05
CCCCCCC(C)(C)C,304.0
O=CCCc1ccccc1,368.15
CCOCCC(=O)O,380.35
Cc1ccc(C)c(C(C)C)c1,337.8
CCCCC(CC)CN,323.0
CC(C)=CCCC(C)CCO,371.45
C=CCCCCCCCCCCCCCCC,408.0
CCCCOC(=O)CC(C)C,326.15
C=CCOCCC,268.0
Cc1nc(C)c(C)nc1C,344.75
CCCc1ccc(OC)cc1,363.15
COc1cc(O)c2c(=O)c3cc(O)ccc3oc2c1,478.35
CCC(C)c1ccc(C)cc1,338.0
Cc1ccc[nH]1,320.35
CC(C)Cc1ccccc1,323.0
OCCc1ccc(O)cc1,416.35
C#CCOC(=O)CC,315.25
C=CCc1ccc(O)c(O)c1,414.85
C=C1CC=C(C(C)C)CC1,319.65
CCCCc1ccc(C(=O)O)nc1,426.05
CCCCC(CC)COC(=O)CCCCCCCC(=O)OCC(CC)CCCC,457.75
CC(C)=CCCC(C)CCOC=O,365.35
c1ccc2ccccc2c1,353.15
C=Cc1ccccn1,315.15
CC1CC(C=O)CC(C)(C)C1,336.95
Cc1ccc(C)c2occc12,359.55
CCCc1ccc(O)c(OC)c1,386.15
C=CC(=O)OCC(C)(C)COC(=O)C=C,388.15
CCCCOCc1ccco1,347.75
Nc1ccc(Nc2ccccc2)cc1,466.15
CC1CN1,269.15
CCCCOCC(=O)O,370.65
N=C(NO)c1ccccc1,412.85
CCC#CCCCC,295.15
CC=CCCCC,267.0
CCOc1cccc2cccnc12,381.15
N#CCCN,339.65
NCC(O)c1cccc(O)c1,445.15
CN(C)CCN1CCN(C)CC1,347.65
CC=CC(=O)O,361.15
C=CC(=O)OC,270.0
CC(C)COCCO,324.0
CCN1CCCCC1,291.0
CCCCCCCCCCCCCO,394.0
COC(C)(C)C,245.0
CCCCCCCCCCc1cccc2ccccc12,458.0
CC(C)(C)OCC1CO1,316.15
Cc1ccc(C)nc1,321.15
COC(C)COC(C)COC(C)CO,384.0
C=COC=C,226.0
C#CC(C)(C)N,275.15
CCCCCCC(=O)CCC,344.0
c1ccc2ncccc2c1,374.0
C=CC(CC)CCC,274.0
c1ccc(CCc2ccccc2)cc1,402.0
Cc1ccc2c(C)ccc(C(C)C)c2c1,413.45
CC(C)=CC(C)(C)C,272.0
CCCC(C)C=O,293.15
C=CCc1cccc2ccccc12,392.65
CCC1=NCCO1,302.0
CC(C)(C)OOC(=O)C(C)(C)C,326.65
CC(C)CCOC(=O)CC(C)C,345.0
CCCCCc1ccccc1,338.5
CCCCN1CCCCC1,332.95
CC(C)(C)C(C)(C)C,273.0
CCc1cccc(C)n1,316.55
CCC1CCc2ccccc2C1,365.95
OCc1ccc(-c2ccccc2)cc1,428.05
CC=CCC,226.0
CC=C(C)C,228.0
CC(C)c1ccc(-c2ccccc2)cc1,406.45
O=CCCCO,346.0
CC#CC#CC,285.45
C=CCCC#N,319.35
CC1=CCC(C(C)C)C=C1,320.35
CCCCOCCCN,336.0
CCCC(=O)C(C)CC,317.75
CCCCCCC(C)c1ccccc1,373.0
Oc1ccc(Cc2ccccc2)cc1,427.35
CNCc1ccccc1,350.95
CCOCCO,315.0
CCCCOC(N)=O,381.15
CC(C)[N+](=O)[O-],301.0
C=CCOC(=O)Cc1ccccc1,386.15
C=CC(=O)OC(C)(C)C,304.75
C=CN(C(C)=O)c1ccccc1,386.05
Cc1ccnc(C)c1,310.35
CCC(CC)C(=O)O,360.0
CCC(=O)C1CCCCC1,347.65
C=CC(=O)NC,376.75
CCC(C)C(C)=O,285.15
N#CCc1ccccc1,374.0
COc1cc(N=Nc2ccccc2)ccc1N,468.15
C=CCC(O)CCC,329.55
O=CC1=CCCCC1,344.25
CCOC(=O)CC(=O)c1ccccc1,386.25
CCOC(=O)C(C)=O,318.15
CC(=O)CC(C)C(C)=O,344.15
C=Cc1ccc(C)cc1,325.15
CC(C)=C(C)C,257.0
C=C(C)C(=O)OCC(C)(C)C,327.05
CC(C)C(C)C(C)C,273.0
CN(C)c1cccc([N+](=O)[O-])c1,390.15
O=Cc1ccco1,333.15
Cc1cc(C)c(C)c(C)n1,347.15
O=[N+]([O-])c1ccccc1O,381.15
CCCCC=CCCCC,319.0
CCCCCCCCCCCCC=O,390.0
CCOCCN,290.85
COC(=O)CC(=O)OC,363.0
CCCCOc1ccccc1,355.15
O=Cc1cccc([N+](=O)[O-])c1,401.75
CCCCCCCCCCC(C)CO,404.0
CCCCOC(=O)CCC(C)=O,364.15
CCN(C)C,237.15
CCCCCCCCCOC=O,360.0
CNCCc1ccccc1,347.05
CCCCCc1ccc(O)cc1,406.15
CCCCCCCCCCOC(C)=O,377.0
C1=Cc2cc3ccccc3c3cccc1c23,461.75
COCC(C)OC,273.75
CC1=CC(=O)C(C(C)C)CC1,364.05
CC(C)c1cccc(C(C)C)c1O,380.65
CCOC(=O)CC(C)=O,343.0
CC=CC(C)(C)O,297.35
CCC(=O)CC(=O)CC,336.55
C#CC(O)C(C)C,315.05
CC1(C)CC(N)CC(C)(CN)C1,383.15
C=CCCCC(C)C,288.65
COCc1ccccc1,326.15
c1ccc(C2CO2)cc1,352.55
CCc1ccc(CC)c(CC)c1,353.0
CN1CCC(O)CC1,360.95
C=C(CC)C(C)CC,279.85
CCC(C)(O)c1ccccc1,363.75
COC(=O)CCCCC(=O)OC,380.15
C=C(C)C(=O)OCc1ccccc1,380.35
COc1ccccc1C,324.15
CCC1CCC(=O)CC1,336.0
CCCCCCCCCCCCCCCCCCCc1ccccc1,464.85
Cc1ccccc1C,290.3722222
CCCCCOc1ccccc1,356.75
COc1ccccc1C(=O)[O-],369.15
C=CCCCC(=O)OC,319.0
CCCC(=O)OCCOC(=O)CCC,389.85
Cc1c([N+](=O)[O-])cc2c(c1[N+](=O)[O-])C(C)(C)CC2(C)C,418.45
CC[N+](=O)[O-],301.0
CCc1ccc(C(C)C)cc1,338.85
Cc1coc(C)c1,273.95
OCCCCCCc1ccccc1,394.95
C=C(C#N)C(=O)OC,340.75
CN1CCCC1c1cccnc1,374.15
CCOC(=O)C1CCCCC1,341.65
CCC(C)CCCCCO,360.0
Nc1cccc([N+](=O)[O-])c1N,450.55
Cc1cc2ccccc2cn1,379.85
CC(=O)c1cc(C)ccc1C,361.95
CCC(CC)COC(C)=O,327.15
Cc1cc2ccccc2cc1C,387.15
CCCCC(N)CO,373.15
c1ccc(OC2CCCCC2)cc1,372.05
CCCCCCOCCCCCC,350.3722222
Cc1ccc(CC(C)C)cc1,340.45
C=CCC(C)CCC,288.65
CC1CCCC2(C)CCCCC12O,377.35
CCc1cccc(CC)c1CC,356.15
Cc1cccc(C)c1O,347.15
CCCC(C)(C)CC,272.0
OCC1COC(Cc2ccccc2)O1,429.65
CC(C)(C)OC(C)(C)C,270.0
CCCC=CC(=O)O,388.55
CCCCC=CCC(=O)[O-],331.0
C=CCc1ccc(OC)c(OC)c1,372.15
C=C(C)C(=O)OCCC,308.0
CCCN(CCC)CCC,308.0
CCC(C#N)c1ccccc1,378.15
O=CC1CCC=CO1,346.55
COC(=O)CCCCCCC(=O)OC,384.55
CCOC(=O)C(C#N)c1ccccc1,410.65
O=C(O)CC1CCCCC1,397.05
CC=CC(C)C,237.0
Nc1ccc2c(c1)Cc1cc([N+](=O)[O-])ccc1-2,504.15
CCC(=O)OC(=O)CC,335.9277778
Cc1ccc(C)o1,272.15
CCN(CC)C(=O)c1ccc(C)cc1,413.95
C#Cc1ccccc1,304.15
C1CCC(OC2CCCCC2)CC1,367.05
Cc1coc2ccccc12,346.35
CC1CCCCC1,268.575
CCCCCc1cccc2ccccc12,413.0
C=C(C)C1CCC(C)(O)CC1,360.65
C=CCOC(=O)OCC=C,332.05
Cc1cc2cccc(C)c2cc1C,400.95
C=C(C)CO,306.0
CCC(N)CO,355.35
Nc1ccc2ccc3cccc4ccc1c2c34,519.35
Cc1ccccc1CC#N,384.45
CC(C)C(O)C(C)C,310.15
CCN(CC)CCOCCO,368.95
CC=CC(C(=O)OCC)C(=O)OCC,365.15
C=CC1CC2C=CC1C2,300.0
OCc1c2ccccc2cc2ccccc12,469.45
CC(=O)CCCCO,365.35
CCCCc1ccccc1,323.0
CC1CCc2ccccc2C1,352.85
CCCCCCCOC(C)=O,341.75
CC(C)(O)C(=O)c1ccccc1,381.35
CC(C)N,236.0569445
CCCCCCCCCCCN,365.175
CCCC(C)CO,324.0
CCCC=C(CCCC)CCCC,339.25
CC(C)=CCCC(C)=CCC(=O)[O-],368.0
CC=CCCc1ccccn1,355.95
Cc1cc(C)nc(C)c1,327.0
OCC1CC2CCC1C2,357.15
CCC(C)N,254.0
C#CCCCCCCCCCCC,366.0
C1CCC(NC2CCCCC2)CC1,374.5847222
O=C1CCCC1C1CCCC1,363.45
CC(=O)CC(=O)OC(C)C,342.05
C=C(C)C=CC(=C)C,291.25
CCCCCC(C)(O)CC,344.25
CNc1ccccn1,360.95
CCOC1CCC=CO1,310.15
CCc1cc(C)nc(C)c1,330.55
COCC(C)O,304.0
CCCCCC=CCC=CCCCCCCCC(=O)O,467.0
CC(=O)Oc1ccccc1C,357.15
c1ccc(CCC2CO2)cc1,358.65
CCc1cccc(C)c1N,375.15
CCc1nc(C)cnc1C,342.55
Cc1cccc(O)c1,359.0
C=CCOC=O,279.65
Cc1ccco1,243.15
CCC(=O)CCc1ccccc1,376.0
CCOC(=O)c1ccc(OC)cc1,379.25
CC(=O)OC(C)c1ccccc1,364.0
CCOCCC#N,337.05
Cc1ccccc1-c1ccccc1C,380.05
CCCCCCCC#N,347.0
O=C([O-])CC1CCCCCCCCC1,379.0
CCCOC(=O)OCCC,328.0
CC1(O)CCCCCC1,344.75
O=[N+]([O-])c1ccnc2ccccc12,422.35
O=C1CCCCC1,316.0
CN(C1CCCCC1)C1CCCCC1,383.15
CCc1ccncc1,320.15
CC1CC(=O)CC(C)O1,338.65
CCCCOC(=O)c1ccccc1O,380.15
CCC(=O)OCC1CCCO1,365.15
CCCCOC(=O)OCCCC,349.15
Cc1cccc(O)c1[N+](=O)[O-],380.15
CCCC(C)(O)CC(C)C,343.15
C#CCCCCCC#C,314.0
CC(=CC(C)(C)C)CC(C)(C)C,320.25
c1ccc(CCCc2ccccc2)cc1,402.35
CCOc1cccc(C=O)c1,379.75
COc1cc(C)cc(C)c1,338.15
O=[N+]([O-])c1ccc(Nc2ccccc2)cc1,463.15
CC(C)(C)c1ccc(C(C)(C)C)o1,345.25
Oc1ccc(Oc2ccccc2)cc1,414.55
O=C(O)C1CC=CCC1,383.05
C=CCCCCCC,286.0
c1ccc2c(c1)CCN2,365.95
CC(=O)CCc1ccc(O)cc1,396.05
CCc1cnc2ccccc2c1,381.15
CC(C)(C)CC(C)(C)N,305.15
CC(C)=CC(=O)O,369.15
C=C(C)CCCC,265.0
COC(C)(C)CC(C)=O,314.45
CCOC(C)(C)CC,278.15
CC1=CCC(C(C)C)CC1,316.45
Cc1cc(C)c(O)cc1C,375.45
CCC1C=CCCC1,286.05
CCCC(C)C(C)(C)O,329.75
c1cnc2c(c1)CCCC2,359.261
C=CCCO,305.0
CCc1ccco1,271.0
Cc1ccc2ccc3ccc(C)cc3c2c1,441.55
CCCCCC1=CCCC1,324.45
CCCCOC(=O)C=CC(=O)OCCCC,413.0
CCOC(=O)CCC(C)=O,351.05
CCCC(C1CCCCC1)C1CCCCC1,399.25
CC(=O)C1(O)CCCCC1,369.05
C=Cc1ccccc1,304.15
c1ccc(-c2ccccc2)cc1,386.15
CCCCCOC=O,299.0
CC#CCO,324.15
N#CC1CCC1,317.45
CC1NCCOC1c1ccccc1,385.85
CCCC(CCC)CCC,308.0
CCCOc1ccc(C=O)cc1,391.45
COc1cccc(-c2cccc(OC)c2)c1,402.95
CCC(C)CCO,331.0
CCC(=O)c1cccc(C)c1,371.25
c1ccc(C2CCCNC2)cc1,388.638
C=CC(=O)OCCCCCCCCCC,367.45
CCC(C)c1ccccc1,325.3722222
CCCCCCCCCCCCCCCCCC(=O)O,469.2611111
CCCCC(C)(C)CO,333.75
CC1CCCC(O)C1,335.0
CCOC(=O)c1ccc(C#N)cc1,412.05
CCCC(C)O,308.15
Cc1cc(C(C)(C)C)ccc1O,383.05
CCC1CCC(CC)CC1,320.0
CCC(C)Oc1ccccc1,344.75
C=COC(C)=O,265.0
CCCCC(=O)OC,295.15
CCCC=O,266.0
CCC(C)C,216.15
C1=CC2C=CC1C2,262.0
Cc1ccccc1CN,357.05
CCCCCCCCCCCc1ccccc1,417.0
C=COCCCC,264.15
C=CCCCCCC=C,299.0
CCOC(=O)C(C)C,287.0
Cc1ccc(C(C)C)cc1O,373.15
OCCCCc1ccccc1,387.45
CC(C)(C)c1ccc(CO)cc1,377.95
CC(=O)Oc1cc(C)ccc1C(C)C,367.35
CCN(CCO)c1ccccc1,404.15
CC=CCCCCCC,299.15
Cc1c(O)ccc(O)c1C,418.55
Cc1c2ccccc2nc2c1ccc1ccccc12,478.65
CC(C)CCC(O)C(C)C,342.95
CCN(C)c1ccccc1,347.55
COC(=O)c1ccccc1,355.0
C1COCCN1,304.0
CCCCC(C)CCCC,310.0
C=CC(OC(C)=O)OC(C)=O,351.45
CCOc1cccc2ccccc12,382.55
C1=Cc2c3ccc4cccc5ccc(c6cccc1c26)c3c45,538.45
CCCCCCCCOC(C)=O,356.1
CCCCCCCCCCC=O,369.25
CCCCCCCOC(=O)CCCCCCC,403.15
C=CC(=O)OCC(CC)CCCC,359.0
CCCCc1ccc(C)cc1O,388.95
CCCC(=O)CCC(C)C,330.75
Nc1ccc(-c2ccccc2)cc1O,438.75
CCN(CC)CC1CO1,314.25
C=C(C)C(=O)OCC(C)C,314.0
CCCCC(=O)OCC(C)C,332.55
C=CCCCCCCCCCCCC,370.0
N#CCCCCC(=O)O,419.55
OCC1CCCCC1,344.25
CCc1ccc(CC)c(C)c1,346.1
COC(=O)C=C(C)C(=O)OC,364.65
CC(C)(C)c1cc(-c2ccccc2)cc(C(C)(C)C)c1O,441.05
N=C(N)NCCN1CCCCCCC1,435.95
CC(C)CCOCCC(C)C,319.0
CCCCCCCCc1ccc(N)cc1,409.35
Nc1cc2ccc3cccc4ccc(c1)c2c34,523.75
O=[N+]([O-])c1ccc2c(c1)-c1ccccc1C2,463.75
CC(C)CCC(C)(C)C,286.0
CC(C)=CCCC(C)=CCCC(=O)[O-],377.0
c1cncc(-c2cccnc2)c1,388.75
CCCCCCCN,317.0
CC1(C2CCC3(C)OC3C2)CO1,373.55
CC(C)C12CCC(C)(CC1)O2,320.95
O=Cc1ccc(O)c(O)c1O,423.75
C#CCO,309.0
CC(CO)Oc1ccccc1,377.55
Cc1cccc([N+](=O)[O-])c1C,380.95
CCC(C)O,297.0
CC(=O)OCCC1=CCC2CC1C2(C)C,373.85
Cc1ccc(-c2ccccc2)cc1C,402.05
CCOc1cc(C=O)ccc1O,392.15
CCCCOC(=O)Cc1ccccc1,377.85
CCC1CCc2ccccc21,348.65
O=C1CCCCCC1,329.0
CC(=O)C=CC(C)C,320.65
C=CC(=O)OCCCC,312.0388889
CCOC(=O)C1CCC1,316.35
C=Cc1cccc(C)c1,321.0
C=CCCCO,316.0
Cc1cc(C)on1,304.25
C=CCc1ccc(O)cc1,375.75
Cc1cc(O)cc(C(C)C)c1,381.45
Cc1cccc(CC(=O)[O-])c1,358.0
CCC(=O)OC(C)c1ccccc1,379.15
CC1=CC=C(C(C)C)CC1,319.0
O=Cc1ccc(O)c([N+](=O)[O-])c1,397.45
CCc1cccc(C(C)C)c1,335.95
CCCC(=O)OC(C)C,297.0
C=CC(CC)c1ccccc1,333.75
CC(C)CN,263.0
C=COCCOCCO,351.55
CCCC(CC)C(C)(C)C,311.0
c1ccc(-c2ccccc2OCC2CO2)cc1,410.45
CCCCCN(CCCCC)CCCCC,375.575
Cc1ccn(-c2ccccc2)n1,381.15
CC12CCC(C1)C(C)(C)C2=O,325.95
CC(C)C(C)(C)C(C)C,284.0
C=C(C)C1CC=C(C)C(OC(C)=O)C1,370.15
c1ccc2c(c1)ccc1c2ccc2ccc3ccccc3c21,537.65
C=COCCC,247.05
Cc1cccc(C)c1[N+](=O)[O-],360.95
OCC=Cc1ccccc1,399.15
Cc1cccc(N)c1C,370.15
CC(C)CCCC(C)CCO,368.15
CCCCOCC(C)C,295.95
CC(C)(C)c1ccccc1N,372.85
CCOC(=O)c1ccco1,343.15
OCc1ccco1,348.0
COC(=O)c1cc2ccccc2cc1O,415.65
Cc1ccc(C(C)O)cc1,375.15
CCOC(=O)C1(C(=O)OCC)CCCC1,383.55
CC(C)=CCCC(C)CCOCC=O,365.85
C=CC=CC(=O)OC,310.0
Cc1ccc(O)cc1[N+](=O)[O-],398.35
COc1ccc(O)c(C(C)(C)C)c1,378.75
CC1(C)CC(=O)CC(C)(C)C1,346.0
COc1ccc(CN)cc1,371.95
CCOC(=O)c1ccccc1C,364.85
CCCCCCCCCCCCCCCCCCCCCC1CCCC1,478.95
CCCCCCC=CC(=O)OC,364.0
C=CCCCCC=C,282.0
CC1(C)CCCO1,277.65
CCc1ccc(C)c(C)c1,331.0
C(=Cc1ccccc1)c1ccccc1,401.65
Cc1cccc(C(=O)O)c1[N+](=O)[O-],426.508
CCC1OC1(C)C,277.45
CCCCC(=O)OCc1ccco1,371.45
CCc1cccc(C)c1C,338.0
CC(C)(C)OC=O,264.0
CCCCCCOC,294.15
CCCC1CCCC(C)C1,320.85
CC(C)CC(=O)OC(C)C,307.85
CNC(=O)Oc1ccccc1C1OCC(C)O1,424.75
CCCc1ccccc1N,370.95
CCCCCCCCOC=O,342.0
CCCC1CCCCC1,304.0
CCCC(O)C(C)(C)C,329.75
CCc1ccccc1CC,328.0
NCCCO,352.15
CC(C)CCC(C)C,271.0
CC(=O)NC(C)=O,374.95
Cc1ccc(C)c(C)c1,317.15
CC(=O)CCC(=O)OCC(C)C,367.65
COc1ccccc1C(C)O,383.95
C#CCCCO,329.15
CC(C)(N)c1ccccc1,357.2
CCCCCCC(C)CCC,322.55
CCCCOCCC#N,361.35
COCCC#N,336.1625
CCC(c1ccccc1)c1ccccc1,396.55
COc1ccc(CC=O)cc1,381.65
CCC(C)(C)OC(C)=O,299.15
CCCCCCCC(=O)OCCC(C)C,377.85
CCCCOCCOCCOCCO,416.15
Cc1cc(O)c(C(C)(C)C)cc1C,388.85
Cc1cccc([N+](=O)[O-])c1,379.15
COc1cc(C)ccc1C,339.25
COCC(C)=O,293.0
Cc1ccc([N+](=O)[O-])c(C)c1[N+](=O)[O-],414.35
CC(C)c1ccccc1C(C)C,349.15
CCC(O)c1ccccc1,363.0
CCCCCCCC(C)=O,341.0
CCCCOCCO,335.0
CC(C)OC(=O)C(C)O,330.35
Nc1ccccc1,343.15
CNCC(O)c1cccc(O)c1,436.55
CCCCc1cccc2ccccc12,404.55
CCCCC=CC=O,326.85
C=CCCC,222.0
CCCC(C)(C)C,250.0
Cc1ccc(C)c(N)c1,367.05
Cc1ccc2cccc(O)c2n1,412.55
CC=C(C)C(=O)O,369.05
COC(=O)OC(=O)OC,353.15
CC1=CCCCCC1,293.75
Cc1ccccc1Cc1ccccc1,395.45
CCc1ncc(C)cc1C,337.65
NCc1ccccn1,363.15
CCCCCCCO,346.0
CC(C)CCC(=O)O,370.0
CCCOCC,253.0
CN(C)c1ccc(N=Nc2ccccc2)cc1,451.35
CCC1=CCCCC1,292.35
CCC=O,246.0
C=Cc1ccc(OC)cc1,350.865
OCC=CCO,401.0
CCN(CC)CCCC(C)=O,338.15
CCCO[N+](=O)[O-],293.15
CC(C)=CCCC(C)=CCOC=O,382.25
CCCC(O)(CC)CC,333.75
COc1ccc(C)cc1,326.0
CC1CCCCCCCCCCCCC(=O)C1,418.45
COC(=O)C1CC1,291.0
C=C1C(O)CC2(C(C)C)CC12,356.85
CCCCc1ccccn1,341.95
CCOC(=O)C(C#N)(CC)CC,363.35
CCOC(=O)C=C(C)C,307.05
C=CCOC(=O)CCC,314.85
CC12C=CC(CC1)C2(C)C,298.05
CN1CCCc2ccccc21,368.15
CC1CCCCN1,289.15
CCNCCN(C)C,297.05
O=C(O)c1ccccc1,394.15
CCC(C)CC=O,290.95
CC(C)(C)c1cc(O)cc(C(C)(C)C)c1,400.35
Cc1ccc(C)c2ncccc12,386.05
O=[N+]([O-])C1CCCC1,340.0
CC1=CCOCC1,287.45
CC(=O)CC(C)(C)C,292.05
CCCCNC(C)c1ccccc1,364.35
CCCCC(C)(C)C,269.25
Cc1ccc(C)c2ccccc12,382.35
CCCCCCC(C)C=O,328.0
CC(C)CC1CCCC1,304.65
CCc1nccnc1CC,337.15
CCC#CCCCCCC,325.0
CC(C)CC(N)=O,367.25
COc1ccc(CO)cc1,383.15
C1CC2CCCC(C1)C2,310.45
CCC(C)C(C)C,258.0
CCc1ccc(OC)cc1,341.65
Cc1ccc(C#N)cc1,358.15
CC(C)N1CCNCC1,329.55
CC(=O)C(C)O,314.15
CN1CCNCC1,315.35
CCOC(=O)c1ccc(O)cc1,393.45
CCC(=O)C(C)CC,304.15
CCc1cccc2ccccc12,384.85
CC(=O)N1CCCCC1,370.15
CCCCC(C)(C)CC,300.35
CC12CCC3c4ccc(O)cc4CCC3C1CCC2O,482.75
C=CC(=O)OCCC,299.25
CC=Cc1ccc(OC(C)=O)c(OC)c1,387.05
CCc1ccc([N+](=O)[O-])cc1,380.85
COC(C)=O,263.15
CCCCCCCCC(C)O,358.0
Cc1cc(C)c2ccccc2n1,380.75
CCCCCCOC(=O)CCC,354.25
C=C(CC)CCC,263.0
CC=CC(C)=O,292.95
CCCCCCCCCN,347.0
CCC(CC)CO,330.0
c1ccc(Cc2ccc(OCC3CO3)cc2)cc1,424.55
CC(C)(O)Cc1ccccc1,354.25
CC(=O)c1cccn1C,349.35
CC=C(CC)CC,267.0
C=C(CC)c1ccccc1,330.25
COC(=O)c1ccc(O)c(OC)c1,393.35
C=C(C)C(=O)OCC(C)O,360.05
CC1=CC(=O)CCC1,341.45
c1ccc2[nH]ncc2c1,401.65
CCC1(O)CCCCC1,341.35
CCCC(C)CC(C)CC,314.0
CC1CC(=O)C(C)C1,315.0
C=CC(O)CCCCC,334.25
CCc1cccc(CC)c1,324.0
CCCCOCCOC(C)=O,349.25
C=Cc1ccccc1C,320.0
OCCCOCCCO,397.039
CCCC(C)(C)O,294.25
C#CC1(O)CCCCC1,346.15
CC1=CCCC(C)(C)C1CO,354.85
CCCCOC(=O)CC,311.0
CCC(C)(CC)C(=O)O,365.15
CCCCCCCCC(=O)O,406.15
CC(O)COC(C)COC(C)CO,413.1
CC(C)c1ccccc1O,362.0
CCCC(C)OC(C)=O,305.15
CCC(C)=C(C)C(C)=O,334.55
CCC1CCCC1C,286.65
COc1cc(CO)ccc1O,416.35
CCOC(=O)CCC(C)CC,332.55
Cc1coc2c1CCC(C)C2,348.65
CC(C)COC(=O)c1ccc(O)cc1,398.55
CCC(C)(C)CC(C)C,288.0
CCCCN(CCO)CCO,399.85
O=C1CCCCC1C1=CCCCC1,389.25
CC=C(C)C(=O)OC(C)C,328.05
CCOC(=O)c1ccccc1,357.0
CC1CCCC1=O,299.0
CCCCc1cccc(CCCC)c1,382.4
O=Cc1ccoc1,321.45
CCc1cc(CC)c(CC)c(CC)c1,376.0
COC(C)(OC)OC,289.15
CC(=O)c1cc(C)ccc1O,372.95
CC(C)OC(OC(C)C)OC(C)C,315.15
OCCCc1ccccc1,373.0
CCCCCCCCCCCCc1ccccc1,408.15
CN(C)c1ccc(N=O)cc1,383.45
CCCCC(CC)COC(=O)OCC(CC)CCCC,404.45
CC=Cc1ccc(OC)cc1,361.55
Nc1ccc(C=O)cc1,395.141
CCCC(C)(CC)CC,302.35
CCC(C)(C)OC,266.15
COC(=O)c1ccc2ccccc2c1,418.95
CCCCCC(=O)OCC,326.0
OCc1cccc2ccccc12,427.15
O=[N+]([O-])c1ccc2cn[nH]c2c1,458.75
OC1C=CCC1,328.25
CCC=CCO,323.75
C#CCCCCCCCC,323.0
COc1ccccc1N,372.15
CC=CC=CC,266.0
Cc1ccc(Nc2ccc([N+](=O)[O-])cc2)cc1,468.15
CC(O)Cc1ccccc1,358.0
CC(=O)Oc1ccccc1,353.15
Cc1ccc(C)[nH]1,327.15
CC(C)(C)c1ccc2ccccc2c1,394.75
c1ccc(OCC2CO2)cc1,367.907
CCC(C)(C)CO,310.55
CCCCCCCCCC(C)C=O,366.45
OCCN1CCCCC1,364.35
CCCOCC(C)O,321.15
CC(OO)c1ccccc1,377.85
Cc1cncc(C)n1,325.95
CCCCCCCCCCCOC=O,385.0
CCNc1cccc(C)c1,362.15
Nc1ccccc1C(=O)O,444.15
Cc1ccc2cccnc2c1,383.15
CCCCCC(C)C(C)C,309.0
CCCCCCCCCOC(=O)c1ccccc1C(=O)OCCCCCCCCC,489.0
C=CC=C(C)C,239.15
CCCCC(=O)OCC,308.0
CCC=C(C)CO,333.95
O=[N+]([O-])c1cc2ccccc2c2ccccc12,480.65
CCCC1CCCCC1C,320.85
CCCc1ccccc1O,366.0
C=C(C)CCCC(C)CCOC(=O)CC,362.65
CCC(C)(C)C(C)C(C)C,304.0
C1CCC2(CC1)CCCCC2,344.95
CCOC(OCC)N(C)C,295.35
CN(C)CCN(C)CCN(C)C,326.45
O=CC=CC=Cc1ccc([N+](=O)[O-])cc1,448.35
COC(C)(C)OC,266.15
CCCCCCC#CC(=O)OC,373.75
Cc1cc(C)c(N)c(C)c1,369.15
Cc1ccc2c(c1)CC=C2,346.45
CCCCCC1CCCCC1,336.0
CC(=O)CC(=O)N(C)C,355.55
O=[N+]([O-])c1ccc([N+](=O)[O-])c(O)c1,414.65
CCCCC(=O)O,358.0
CC(C#N)c1ccccc1,367.05
Cc1cc(O)ccc1C(C)C,377.25
CCCC(C)CCC(C)C,306.0
CC(C)(C)C=O,258.15
CC12CCC(CC1)C(C)(C)O2,322.15
CC=CCCCCCCCC,334.35
N#CC1CC=CCC1,338.95
O=C(Oc1ccccc1)c1ccccc1O,410.45
CCC(C)(C)O,294.0
CCC=C(C)C=O,304.1
CCCC(N)=O,361.05
CCc1cc(C)cc(C)c1,326.0
CCCCCCCC(C)C,311.0
CCC(=O)N(c1ccccn1)C(C)CN1CCCCC1,474.95
CCC(C)(O)CC,297.0
CCOC(=O)CC,285.0
CC1(O)CCC(C(C)(C)O)CC1,392.15
CC(C)(C)c1ccc(N)cc1,375.0
CC1=CC(=O)CC(C)(C)C1,357.15
NN1CCOCC1,331.15
CC1CCOCO1,295.35
CCCCCC,250.575
OCCC1CCNCC1,374.85
O=C(O)c1cc([N+](=O)[O-])cc([N+](=O)[O-])c1O,446.95
CCCCOC(=O)CCC,326.0
OC1CC2CC1C1CC=CC21,363.35
O=C(O)Cc1ccc([N+](=O)[O-])cc1,444.75
CCC(=O)C(C)(C)C,295.55
CC(=O)Oc1ccc(CO)cc1,399.25
C=C(C)C(=O)OCC,293.0
O=c1cc(-c2ccc(O)cc2)oc2cc(O)cc(O)c12,490.15
OCCC1CCCC1,343.55
CCCCCCCCCCCCCC,372.825
O=C1CCCCO1,354.15
CC1(C)CCc2ccccc21,336.75
CCCC(C)(O)C(C)(C)C,331.05
CC(O)CCO,382.0
O=C(O)CCCCCO,406.05
OCC1CCCCO1,366.45
Cc1cocn1,293.65
N#CC1(O)CCCCC1,385.25
Cc1cc(C(C)(C)C)cc(C(C)(C)C)c1O,396.15
CC(=O)OCCc1ccccc1,375.0
CC(=O)CC(=O)c1ccccc1,370.05
CCN(CC)CN(CC)CC,315.45
CCC#CCCCCC,311.0
Cc1ccc2[nH]ccc2c1,387.85
O=C(C(=O)c1ccccc1)c1ccccc1,415.75
CCCNc1ccccc1,359.95
CCOC(=O)CCC(=O)OCC,363.0
CNC(=O)Oc1cc(C(C)C)ccc1C,397.35
COc1cccc(C)c1C,342.95
CC(C)=CC=C(C)C,297.0
CC1CNCC(C)O1,317.55
Oc1ccc2[nH]ccc2c1,434.55
CC(C)c1cc([N+](=O)[O-])cc([N+](=O)[O-])c1O,400.65
CCOC(=O)C(C(C)=O)C(C)=O,358.15
CCOC(CN)OCC,318.15
CCCCCCCC,286.075
CCOCCOC(=O)C=Cc1ccc(OC)cc1,437.95
CCCc1ccc(O)cc1,379.0
CCC(C)C(=O)O,346.55
CCCC(C)C,241.0
CC#Cc1ccccc1,335.372
c1ccc(-c2ccccc2-c2ccccc2)cc1,435.9277778
NNc1ccc([N+](=O)[O-])cc1,434.95
O=C(O)Cc1ccccc1O,435.75
O=COC1CCCCC1,324.0
CCc1cnccc1C,343.251
CCC1CO1,261.15
COc1cc(N)ccc1C,382.75
O=C(OC1CCCCC1)c1ccccc1,405.85
Cc1ccccc1CCO,381.45
Cc1cc2c3ccccc3cc3ccc4cccc1c4c32,509.85
O=C1CCCCC1=O,357.15
C=CC(C)CCC,267.1
C=C1CCC2CC1C2(C)C,308.05
COCCCO,325.95
C=CC(=O)OCC,288.7055556
C=CC(=O)OCC1CO1,334.15
CCCCNCC,291.15
CCCC(=O)OC(C)(C)C,320.0
COC1CCCC1,272.0
O=CC1CCCC1,309.15
C=C(C)CCC(=C)C,280.0
CCN(CC)c1cccc(C)c1,374.15
Cc1cccc2c1CCCC2C,372.25
CCCCCC=O,298.0
C=CC(OC)OC,270.35
CC(C)CCO,316.0
CCCc1ccccc1,303.0
OC1CCCCC1,336.0
CNCC(OC)OC,302.55
O=Cc1cccnc1,357.15
C=COC(C)(C)C,256.0
CCCCC(C)C=O,305.75
CCCCC(=O)CC,311.0
Cc1ccccc1C=O,352.65
Cc1c(O)cc([N+](=O)[O-])cc1[N+](=O)[O-],431.35
CC(C)OCC1CO1,306.15
C=C(C)C(=O)NCO,412.15
OCC1CC=CCC1,346.0
CCCCN1CCOCC1,325.05
c1ccc(-c2nc3ccccc3o2)cc1,391.85
COc1ccc(CO)cc1OC,394.85
CC(C)(C)c1cc([N+](=O)[O-])cc([N+](=O)[O-])c1O,398.15
CCCCC(CC)COCCCN,375.95
NCCN,308.7597222
CC(CN)c1ccccc1,357.75
CC(=O)C1CC1,294.25
CCC(C)CC(C)C,283.0
Oc1ccc(-c2ccccc2)cc1,420.35
CNC(=O)Oc1cccc2c1OC(C)(C)C2,416.45
CCCOC(=O)C=CC(=O)OCCC,392.75
CC1(NC(N)=O)CCCCC1,373.65
CC(C)(C)N,235.0
CCN(CC)C(=O)CCC(C)=O,383.85
NC1CCCCC1,304.15
C=CC(=O)OCCOC(=O)C=C,373.0
CCCC(CCC)C(=O)O,384.15
CCCOC(=O)CCC,308.0
CCCCc1cccc(C)c1,343.9
C=C(C)c1ccccc1C,328.75
CC(C)=NO,318.35
CCC=CCC(=O)OCC,332.0
CC1CCC(C(C)C)CC1,317.85
CCCCCCCCOC(=O)CCC,378.0
CN(c1ccccc1)c1ccccc1,389.75
C=CCCCC,247.0
CCCCOCCOCC(C)O,394.15
O=C(c1ccccc1)c1ccccc1,396.85
CCOC(=O)CO,334.85
COCCO,312.0388889
CC(=O)OC(C)CC(C)C,318.15
c1ccc(CC2CCCCN2)cc1,389.25
CCCC(C)[N+](=O)[O-],319.0
CCC(C)(CC(=O)O)CC(=O)O,430.45
O=C(O)c1ccc([N+](=O)[O-])cc1,439.65
O=C1c2ccccc2-c2ccc3ccccc3c21,467.05
CN(C)c1ccc(C=Cc2ccc([N+](=O)[O-])cc2)cc1,475.95
c1ccc(N2CCCCC2)cc1,379.25
Cc1cccc(C(=O)O)c1O,418.55
CCCC=CCO,334.85
CC(C)C(C)O,300.0
CNC(C)CC1CCCC1,318.65
CCCCC(C)O,314.0
COC(=O)CCCC(=O)OC,376.15
COc1ccc(C)cc1C,338.25
CCC(C(C)C)C(C)C,288.0
CC1=CCCC(=O)C1,328.65
CC(C)OC(C)C,245.15
CCCCC(C)(O)CCC,344.25
CCCCCCCCCC(C)C,334.0
OCCC1CCCCN1,375.35
CCC(N)CC,275.0
O=NN1CCCCC1,365.95
CC(C)N(CCO)C(C)C,352.15
CCCCCCOC(=O)CCCCC,372.55
O=NN1CCNCC1,386.95
C=CC(C)(CCC=C(C)C)OC=O,358.75
CC=C(C)CC,246.0
CC(=O)OCCOCCOC(C)=O,383.15
CCc1ccc(C(C)(C)C)cc1,349.05
Cc1cc2ccccc2nc1C,382.85
CC(=O)OC1CC(C)CCC1C(C)C,360.15
CN(C)c1ccc(C(=N)c2ccc(N(C)C)cc2)cc1,472.55
CCC(C)CCC(=O)O,376.0
CCC(C)C(=O)OC,292.55
CCCCCO[N+](=O)[O-],322.15
CCC#N,275.1680556
CCCC(C)C(C)=O,304.15
CCc1ccc(CCO)nc1,383.85
CCOC(=O)C(CCC(C)C)C(=O)OCC,382.95
COCCN,282.55
CC=C1CCCC1,275.85
CC1(C)CCCCC1=O,323.25
COC(=O)CCO,345.75
CCCCOC(=O)c1ccco1,367.05
CCCCCCCCCCCCC(=O)OC,386.0
CC(C)=CCCC(C)C=O,333.75
Cc1cccc(CC#N)c1,381.55
CCCCCC=CCC(=O)OC,361.0
Cc1cc(C)cc(CO)c1,379.85
CC(C)C(C)C(=O)O,356.55
C=CCCc1ccccc1,333.15
CCC(C)CC(CC)CC,304.0
CC(C)(C)C1CCCCC1=O,345.0
CC(C)CCN(C)C,283.15
CC1(C)CCCC1,257.0
CCC(C)C#N,297.55
O=[N+]([O-])c1ccccc1-c1ccccc1,416.15
Cc1ccc(O)c(C(C)C)c1,371.25
CCCc1cccc(C)c1,325.0
CC1C(=O)CC2(C(C)C)CC12,337.55
COc1ccc(OC)c(N)c1,403.252
O=C(O)CCC1CCCCC1,404.65
CC(C)C1=CC(O)C(C)CC1,362.95
CC1(O)CCCCC1,338.0
CCOc1ccccc1O,364.25
C1=Cc2ccccc2C1,331.15
Cc1ccc2c(C)cccc2c1,383.65
C=CCC(C)C,241.0
CC(=O)CCCOC(C)=O,358.55
CCCCCCCCCCCC(=O)OC,386.0
C=C(C=O)CCC,302.25
CC1=CCCC1=O,326.25
CC(C)C1CCCCC1,308.0
CCCCCC(=O)CCC,334.55
CC(C)NCc1ccccc1,360.15
OC1c2ccccc2Oc2ccccc21,429.75
Nc1ccc(CC(=O)O)cc1,435.05
Cc1cccc([N+](=O)[O-])c1N,409.25
C=CC#CCCC,281.35
CCCC1CCC(=O)CC1,359.0
CCCCC(=O)OC(=O)CCCC,374.0
COc1cc(C)ccc1O,372.55
CCCCCC(C)(C)C,297.0
CCCC(C)(C)C(C)C,288.0
CC(C)CC(=O)C(C)C,307.35
CCC(=O)OC(C)C,292.55
CC=C(C)C=O,291.45
C=CCC(CC=C)(C(=O)OCC)C(=O)OCC,379.878
CCCC(C)C(C)C,278.0
CC(C)(C)c1ccccc1O,375.0
CC1CC(C)CC(O)C1,346.45
O=CCCCC(O)C=O,380.75
O=C(Cc1ccccc1)c1ccccc1,410.15
C1=CCCCC=C1,284.25
CC1CCC(CO)CC1,354.0
C=C(C)C1CCC(C)CC1,316.85
C=CC1OCCO1,294.15
CCC=C(C)CCC,282.35
CCCCOC(=O)CCCC,337.85
CCC(C)C(C)C(C)O,332.35
Cc1cc(O)cc(C)c1N,406.25
CN1CCCC(CO)C1,367.55
c1ccc2c(c1)[nH]c1cnccc12,455.25
Cc1ccc(N)cc1C,371.45
CC(C)C(C)c1ccccc1,330.05
CCC#CCO,331.15
Cc1ccc2ccccc2c1C,387.15
CCCCCC(=O)CCCCC,361.0
CCC(=O)CCC(C)C,318.0
CC(OC=O)c1ccccc1,349.0
CC(C)CCOC(=O)OCCC(C)C,361.35
c1ccc(COc2ccccc2)cc1,383.95
CCCCCCCCCC=O,356.0
CC(C)Cc1ccc(N)cc1,375.85
Cc1ccc2cc(C)ccc2c1,383.65
CC(C)COC(=O)OCC(C)C,344.65
CCCCC#N,305.0
CNC1CCCCC1,302.2847222
N#CCCNc1ccccc1,426.05
CCCC(C)(O)CCC,333.75
CC(O)CC(C)(C)O,366.0
CC(=O)C1OC1(C)C,308.45
Cc1ccc(-c2nc3ccccc3o2)cc1,398.55
C=C(C)C(=O)O,350.3722222
c1ccc2c(c1)-c1cccc3cc4ccccc4c-2c13,501.75
OCc1cccnc1,370.65
C=CCC(=O)OC,293.0
CCCCCCCCCCCC(C)=O,380.15
O=C1NC(=O)c2ccccc21,444.05
CCCCC(CC)CNC1CCCCC1,384.95
O=[N+]([O-])c1ccc(C=Cc2ccccc2)cc1,446.25
CC(C)c1cc(C(C)C)cc(C(C)C)c1,359.85
C=CCCC(C)=O,297.05
CC(C)CCCCO,340.0
CC(C)=C(C)C(C)C,275.0
CCCCCCCCCCCCCCC,388.0
CC1=CC2C(CC1)C2(C)C,311.0
CCC(C)C(=O)C(C)CC,317.85
C#CCCCCCCCCCC,352.0
CC(C)CC(C)Cc1ccccc1,360.1
O=[N+]([O-])c1ccc(Nc2ccc(O)cc2)c([N+](=O)[O-])c1,495.35
c1ccc(-c2ccncc2)cc1,384.25
CN1C2CCCC1CC(=O)C2,369.05
Nc1ccc2ccccc2c1,430.15
CCCCC(CC)CCC,314.0
Cc1cccc(C(C)C)c1O,368.75
C=C1C=CC(C(C)C)CC1,322.0
CC(C)=CCCC(C)=CCOC(=O)c1ccccc1,426.55
C=C(C=O)CCCC,306.45
CC1CC(C)CC(C)(C)C1,311.25
O=C(O)c1ccccc1[N+](=O)[O-],430.65
C=COCCO,323.15
Cc1cc(C)c(N(C)C)c(C)c1,352.05
CC(C)c1ccc(CO)cc1,379.15
CC(=O)Nc1ccncc1,435.15
Cc1ccc(N)cc1[N+](=O)[O-],412.05
C=CCC,193.0
C=C(C)C(=C)C,251.0
CC1CC=C(C(C)C)CC1,316.45
C=C(C)C1CCC(C)C(=O)C1,354.25
CCOC(=O)C(=O)c1ccccc1,386.15
CCNc1cc(O)ccc1C,412.85
CC(O)C1CC1,303.75
CCC#CCC,259.0
Nc1ccc(Oc2ccc(N)c(N)c2)cc1,519.65
CC#CCCC,262.0
C1=Cc2cccc3cccc1c23,395.15
O=C(O)Cc1cccc([N+](=O)[O-])c1,442.95
O=C1CCCCCC=CCCCCCCCCO1,441.35
CCCCCC#CC(=O)OC,362.0
CCC(=O)C(C)C,289.0
CNC(=O)Oc1cccc2ccccc12,426.15
CCCC(O)CO,377.15
CCCCCOCCOCCO,383.0
CCCC(C)(O)CC,322.55
CC(C=Cc1ccccc1)c1ccccc1,418.35
CCc1ccc(O)cc1,373.0
CCc1cccc(O)c1,367.0
CCCCCCCCCCCCN(C)C,380.05
CC1CCC(=O)CC1,321.0
Cc1cccc(NO)c1C,384.85
C=C(C)C(C)(C)C,256.0
Cc1ccc(O)c(C)c1,367.0
Cc1cccc(-c2ccccc2)c1,386.95
CC(C)CC(C)(C)C,261.075
COCCOC(C)=O,317.15
CCCC(=O)C(C)(C)C,307.55
CN(C)CC1CCCCC1,313.85
CC(C)CC(=O)c1ccccc1,362.841
C=C(C)C(=O)OCCN(C)C,347.15
CCCCCCCC=O,324.8166667
C=CCc1cc(C)ccc1O,374.85
Cc1cc(C(C)(C)C)c(C)cc1O,390.95
C#CCCCCC,271.0
C=CCOc1ccccc1,336.0
CC1(NC(N)=O)CCCC1,360.95
CC(C)CC(C)C(C)C,288.0
COC(=O)c1ccccc1C,355.35
CCCCN(CCO)CCCC,364.85
CCC(O)CO,366.0
CCCCCCCC1CCCCC1,366.35
CCCC(Cc1ccccc1)N1CCCC1,396.45
COCCCN,296.0
CCNCCO,344.15
CCC(C)C(CC)CC,297.0
Cc1cc(O)cc(C)c1C,382.25
CCCCCCCCCCC(C)C,344.0
CCC(C)OC,243.15
COc1ccc(C=O)cc1,382.05
CCOC(C)COC(C)COC(C)CO,405.0
CCCCCCCCCCCCCCN,406.0
CCOC(=O)C(C(C)=O)C(C)C,352.05
CCOC(=O)c1cccc([N+](=O)[O-])c1,410.15
CCCCCOC(C)=O,312.0
OCc1ccccc1,374.0
O=C(O)C1CCCCC1,380.15
C#CCC(C)O,310.35
O=C1C=Cc2ccc3c4c(ccc1c24)C=CC3=O,450.95
CCCCCCCCCC1CCCCC1,389.95
Cc1ccccc1OCC1CO1,372.25
c1ccc2c(c1)Cc1ccccc1C2,404.95
CCNC1CCCCC1,318.0
C=C(C)CCO,313.25
CC=CCCC=CC,286.85
C1CCC2NCCC2C1,332.55
O=[N+]([O-])c1ccc(N=Nc2ccccc2)cc1,464.55
CCc1cccc(N)c1,358.15
CCOC(=O)C#Cc1ccccc1,386.15
CCCCC(C(C)=O)C(=O)OCC,362.25
CCCC(C)(C)C(=O)O,365.15
Cc1cc(C)ncn1,329.15
Cc1c([N+](=O)[O-])cc([N+](=O)[O-])cc1[N+](=O)[O-],440.25
O=[N+]([O-])c1ccccc1[N+](=O)[O-],423.1125
CCCCC(C)C(C)=O,317.75
CC(O)C(C)C(C)O,364.45
Cc1cc(N)n(-c2ccccc2)n1,428.35
Cc1ccc2ccc(=O)oc2c1,399.05
CCCC(C)N,266.45
CCCCCCCOC(=O)CC,352.95
CCC1CCCCC1C,305.05
Cc1ccc(C=O)o1,345.15
CC(C)(C)CO,310.15
CCCCCCCCCC(=O)OC,367.0
CC(C)C(C)(C)O,302.55
CC(C)COC=O,283.15
CCCO,296.0
CCOCC(=O)OCC,321.45
CCCCCCc1cccc2ccccc12,425.0
CCCCCCOC(=O)C(C)C,346.45
Cc1ccc2c(C)c3ccc4ccccc4c3nc2c1,482.95
CC(O)C(C)(C)CO,360.75
C=CCC(O)C=C,302.55
CCCCCCCCCO,371.0
Cc1ccccc1-c1ccccc1,380.15
CCN(CC)c1ccccc1,358.15
CCCc1ccc(C)cc1,329.45
CC(C)COCC(C)C,281.1
CCCCCCCCCCCC(=O)OCC,386.0
CC(O)CC(C)O,374.0
CC=COCC,254.25
CCOC(=O)C(CC)C(C)=O,348.85
CC(=O)C1CCCCC1,334.55
C=CC(CC)CC,256.0
CCCC(=O)OC1CCCCC1,351.15
OC1CCCCCC1,344.0
COC(=O)C1CCCCC1,333.0
C=Cc1ccc(C)nc1,329.75
CCCCCCC(O)CC,352.0
CC(=O)Oc1ccc(C)cc1C,362.35
O=[N+]([O-])c1ccc2c(c1)Cc1cc([N+](=O)[O-])ccc1-2,503.05
CC1(C)CC(=O)CC(C)(C)N1,346.35
CC(C)(C)CC(=O)O,353.75
CC(=O)C=Cc1ccc2c(c1)OCO2,420.75
CCC1CCCC(C)C1,305.05
COC(=O)C=CC(=O)OC,368.0
c1ccc(Nc2ccc3ccccc3c2)cc1,482.35
C=CC#CC,243.15
C=COCC,228.0
CNc1cccc(C)c1,350.45
CCCCCCC(=O)c1ccccc1,384.35
CC1CC(C)(C)CCC1=O,331.65
CC(=O)CCC=C(C)C,323.15
CC(C)COCCOCCO,365.95
CCCCCCCCCCOC,346.05
CC(=O)C1CCC1,305.45
COc1ccc2ncccc2c1,375.85
Cc1cccc(OC(C)C)c1,339.0
CC12CCC(CC1)C2(C)C,305.55
O=C(O)CCCCCC(=O)O,455.05
CCCOC(=O)CC,292.0
CCc1ccc(C)o1,288.25
CC(O)C#N,350.15
CCCCC(CC)CC,298.25
CCC(C)OC(=O)CCC(=O)OC(C)CC,382.95
CC(C)CCCCCO,355.15
COC(=O)C[N+](=O)[O-],378.15
C=CCCCCCC(C)C,316.0
ON=C1CCCCC1,362.575
COC(=O)c1ccco1,331.75
Nc1cc(-c2ccccc2)ccc1O,442.25
NNc1ccccc1,362.0847222
Cc1cc(C)c(O)c(C)c1,369.85
Cc1cccc(C)c1C,317.0
CCCCOCCOCCOC(C)=O,389.15
CCCCCCCCCCC(=O)OCC,386.0
C=C(C)C=CC,253.2
C=C(C)c1cccc(C)c1,331.35
CNC(C)C,253.0
OCCCc1ccccn1,376.95
c1ccc2nc3c(cc2c1)-c1cccc2cccc-3c12,488.35
Nc1cccc2cccc(N)c12,471.85
COCc1ccco1,295.25
C=C(C=O)CC,274.15
C=Cc1ccc(C(C)C)cc1,343.25
CC1CCC(C)C(C)C1,301.05
CCCCCCCCC(C)CC,334.95
CC(C)=CC1CC(C)=CCO1,343.95
CCCCCC(=O)CC,319.15
CC=CCCCCCCCCC,351.15
CC(CC1CCCCC1)C1CCCCC1,388.75
CCOC(=O)C=CC(=O)OCC,366.0
CCc1ccc(C)c(CC)c1,345.4
CCCC(CO)CCC,344.85
Oc1ccc2c(c1)CCC2,383.15
CCOCC1CO1,296.65
CC(C)(C)Nc1ccccc1,361.0
CCCCCCCC(=O)OC,342.0
CC(O)(Cc1ccccc1)c1ccccc1,404.05
CCCC(=O)OCCC(C)C,331.0
Cc1cccc(C)c1C(=O)O,399.25
CCN(O)CC,318.15
CCOCOCC,268.0
CC(C)(C)OOC(C)(C)C,291.15
CC(C)(C)OO,300.15
CCC(C)(C(C)C)C(C)C,304.0
CCc1c(C)cccc1C,331.0
Cc1ccc2ncccc2c1,382.15
CCCCCC(=O)OCCC(C)C,358.0
CCC1(NC(N)=O)CCCC1,372.35
C=CC(C)CC,245.0
CCCCC(O)CCCC,352.65
COC(=O)c1cccc(O)c1,399.85
CCCCNC,275.0
O=C([O-])CCc1ccccc1,363.75
CCN(CC)c1ccccc1C,364.35
CCOC=C(C(=O)OCC)C(=O)OCC,380.75
O=C(OCc1ccccc1)c1ccccc1,418.0
CCOC(=O)CC(C)C,298.0
C=CC(C)C,217.0
CCCN,243.0
COC(=O)c1cccnc1,368.75
CCC(C)C(C)CC(C)C,304.0
CCCc1cccc(O)c1,381.95
CCOC(=O)C(OCC)OCC,346.15
Cc1cc(C)c(C(C)C)cc1C,355.55
COc1ccc(N=[N+]([O-])c2ccc(OC)cc2)cc1,479.75
O=C1C=CCC1,315.15
Cc1ccc(C(C)(C)C)cc1,327.55
OCC1CCCC(CO)C1,404.65
O=C1C=Cc2ccc3c4c(ccc1c24)C(=O)C=C3,450.95
CCOO,284.45
CC(=O)OCC(C)OC(C)=O,359.15
CCOC(=O)C1(C(=O)OCC)CCC1,362.15
CCC(=O)CC(C)C,304.15
C1=CCC2CC=CC2C1,306.95
CCOC(=O)C(=O)C(=O)OCC,363.35
CC(C)COC(=O)CCCCC(=O)OCC(C)C,395.75
CCC(C)C(C)(C)CC,288.0
CC(C)C=CC(=O)O,379.15
C#CC(C)(C)C,239.0
CCc1c2ccccc2cc2c1ccc1ccccc12,496.75
NCC1CCCC(CN)C1,379.15
CCC(C)C(C)C(C)(C)C,304.0
CC=CC=CC(=O)O,400.15
CC1=CCC2(C(C)C)CC12,306.75
CCN(CC)CCCC(C)N,341.45
O=[N+]([O-])c1ccc2[nH]ccc2c1,446.25
CCCCCCCCOCCCCCCCC,386.65
Cc1ccc(C(C)C)c(O)c1,374.15
CC1(COCCOCC2(C)CO2)CO1,378.85
CCCCCC(=O)O,374.8166667
CN(C)CCCNCCCN(C)C,371.45
CC(=O)N1CCCC(C)C1,379.85
CC(=O)Nc1ccc(O)cc1,461.55
CCCC(=O)C(=O)OCC,344.55
CCCC1CCCCN1,321.55
CCC1CCNCC1,306.95
CC(=O)COc1ccccc1,358.15
C=COC(=O)CCCCC(=O)OC,378.15
C1CCCCCCCCC1,332.0
Cc1c(N)cccc1N,420.225
C#CCCC(C)=O,315.85
CCOC(=O)C(C(C)=O)C(=O)OCC,372.15
CCOc1ccc(CC)cc1,355.45
CCOC(=O)CCC=O,341.65
CCC1(C)CCCC1,279.0
Cc1ccncc1,311.0
CCCCCCCCOc1ccccc1,382.15
Cc1cccc2ncccc12,377.55
CC(O)CCC(C)O,374.0
CCCCCCCCCC(=O)OCC,375.0
CCCCCCc1ccccc1O,413.05
CC1=C(C)C(C)c2ccccc21,359.2611111
CC=CC=CCOC(C)=O,352.75
O=[N+]([O-])c1ccc2cc3ccccc3cc2c1,487.85
CCCCCC(C)C,277.0
CC(C)CC(C)N,286.15
c1ccc2nocc2c1,367.05
C1=Cc2ccccc2CC1,343.5
O=C1CCCCCCC1,345.928
OCCc1ccncc1,374.65
c1ccc(COCc2ccccc2)cc1,408.15
CCNc1ccccc1C,362.05
C=CCCCCCCCCC(=O)OC,373.0
CC(C)CCCC(C)C,299.0
CC1(C)CC(=O)CC(=O)C1,358.25
CCOCc1ccco1,314.35
C=CC(C)(O)CC(C)C,313.25
COCC1CO1,281.25
CC(=O)C1CCCC1,320.15
CC(C)COC(=O)c1ccccc1N,421.05
C=C1CCC=C(C)CCC2C1CC2(C)C,374.15
CCc1ccc(C)cc1,309.0
OCC1CCCO1,348.15
C#CCCCCCCC,306.0
CC1CCCCC1=O,319.0
CCCOC(=O)CC(C)C,319.85
CCC1C(c2ccccc2)=CCC(C(=O)O)C1C,456.45
CCCCCCC1CCCCC1,353.35
C=CC(=O)OCCCCCCCC,355.15
CCCCN(CCCC)CCCN,376.15
CCCCCCCCCCCCCN,383.75
CCNc1ccc(C)cc1,357.25
NCC(=O)c1ccccc1,376.55
CC(O)c1ccccc1,358.15
CC(=O)c1c(C)cc(C)cc1C,372.15
CN(C)Cc1ccccc1,327.55
COc1cccc(C#N)c1,378.15
CCCCCCCC(=O)OCCCCCC,393.15
CCC(C(=O)OC)c1ccccc1,366.75
CC(C)(C)c1ccc(OCC2CO2)cc1,375.15
CC1CCC(C(C)C)C(O)C1,364.15
c1ccc(Nc2cccc3ccccc23)cc1,463.35
CC(C)C(O)C(C)(C)CO,383.1
Cc1ccc2oc(C)nc2c1,364.15
C=Cc1ccc(O)cc1,365.45
C=CC=COC(C)=O,306.45
C=CCC=CC,248.0
C#CCCO,309.15
CCC#CC(C)O,326.45
C1CCCCCCC1,301.5
CCCCCCCCCCCCC1CCCC1,408.95
CC(C)(C)N(CCO)CCO,391.15
CC1=C(O)C(=O)CC1,373.85
CC(=O)OC(C)Cc1ccccc1,376.15
CCc1c(C)ccc(C)c1C,346.0
CC(=O)C=C(C)C,296.15
C1CCC2CCCC2C1,310.45
CC1(C)CCCC1=O,306.0
Cc1cccc(C)c1NO,375.85
O=C1CCCN1,402.2972222
C1CCCC2OC2CC1,329.25
CC=C=CC,236.15
Cc1cc(C)n(-c2ccccc2)n1,391.75
CCc1ccc(C(C)=O)cc1,367.25
c1ccc2c(c1)[nH]c1ccccc12,433.15
C#CCCC(C)C,266.0
CC(C)C1CCCC1,287.0
C=C(C)CCCCCC,296.0
CCC(C)CC(C)(C)C,286.0
CC(C)(C)CCC(C)(C)C,289.0
CCC1CCCCC1,291.0
CCOC(=O)C1CC1,302.85
CC(C)CCC#N,318.75
CC1(C)C2CC=C(C=O)C1C2,352.05
CCC(C)C(C)C(C)=O,307.35
CCCNC(C)C,274.25
CCCCCOC(=O)c1ccccc1O,386.45
O=C(c1ccccc1)c1ccc(O)cc1,429.85
CCCCCC=CC(=O)OC,356.0
CC(C)C(c1ccccc1)C(C)C,353.65
CCCCN(C)C,278.15
CN(C)C(=O)C(c1ccccc1)c1ccccc1,446.45
CCCCOC(=O)c1ccc(O)cc1,402.35
Cc1ccc(N)cc1N,422.15
Cc1cc(O)cc(O)c1C,405.65
Cc1cccc(Oc2ccccc2)c1,383.95
CC(C)CCCCCCOC(=O)C1CCCCC1C(=O)OCCCCCCC(C)C,497.15
COc1ccccc1Oc1ccccc1,385.15
CC(C)CC1CCCCC1,321.45
Cc1ccc(Cc2ccc(C)cc2)cc1,408.35
CN(C)CCCN,305.0
C=COCCOCCCC,315.05
CC(C)(N)Cc1ccccc1,366.25
CC1=CC(C)(C)Nc2ccccc21,374.15
O=[N+]([O-])c1ccc2ccc3cccc4ccc1c2c34,496.65
CC(C)COC(=O)c1ccccc1,375.0
CCCCO[N+](=O)[O-],309.25
CC(C)(C)C(=O)C(C)(C)C,305.95
CNC(=O)Oc1cc(C)cc(C)c1,387.35
CC=CC=CCO,345.35
CCCCCCCCCCCCCC(=O)O,446.0
Cc1ccc2nc(C)cc(C)c2c1,389.05
CCCCCCCCCCCCCCCCCCC1CCCCC1,468.35
CCC(=O)OC(C)CC,306.55
CC1=CCCC1,256.0
CCCC(O)(CC)CCC,344.25
CC1CC=CCC1,272.0
CC(N)CCN,325.15
N#CCc1ccccc1[N+](=O)[O-],411.15
CC(C)CCC(=O)c1ccoc1,369.95
CC(C)OC(=O)Cc1ccccc1,368.15
CC(C)c1ccc(O)c(O)c1,402.35
CCCC(=O)OC(=O)CCC,355.3722222
CCCC(C)(C)C(C)=O,307.55
C=CC=C,197.0
C=C(C)C(=O)OC(C)C,304.15
O=C1CC=CCC1,319.95
C1CCN2CC3CC(CN4CCCCC34)C2C1,421.45
Cc1cccc2c1CCCC2,367.35
CCCCOC(=O)CC(C)=O,352.75
c1ccc2cc(OCC3CO3)ccc2c1,425.15
CCOC(=O)Cc1ccccc1,372.15
Cc1cccc2c1CC=C2,348.05
C=C(C)C(=O)OCCCCC,333.45
CCC(C(C)=O)C(C)=O,333.35
CN(C)CCN(C)C,283.075
CCCC=NO,331.15
CCc1ccnc(C)c1,330.15
C=CC(O)CCCCCC,342.65
C=C(C)CCCC(C)CCOC(C)=O,359.95
Cc1ccc2c(c1)CCCC2,365.45
CC1=CC(=O)C2(C(C)C)CC12,358.35
Cc1ccccn1,309.15
NC1CCC1,269.0
C=C=CCC,233.15
C=CC(C)CCC=C(C)C,315.45
CC1CCCC1C,269.0
C=C(C)C1CCC(C)C(O)C1,364.85
CC(=O)NN,375.75
CCCCCCCCCCCCC1CCCCC1,420.25
Cc1ccc(C(C)C)c(C)c1,340.25
Nc1ccc(C=CC(=O)O)cc1,455.75
COc1cc(C(C)=O)ccc1O,398.65
CC(C)=CCOC(=O)c1ccccc1,398.25
C1CCCNCC1,310.1680556
CNCCCN,309.15
CCCOC(=O)c1ccccc1,371.0
CCOC(OCC)c1ccco1,337.15
CCCCCCCCCCC1CCCC1,388.55
CCc1ccc(N)cc1,370.0
CCCCCCCC(C)CC,323.55
C#CC(=O)OCC,296.15
CCCCC(O)CCC,344.25
C=CC(CCCCC)OC(C)=O,347.05
C#CCNC,273.75
CNc1ccccc1C,349.55
CCCCOCC(C)O,336.15
Cc1cccc2cc3ccccc3cc12,430.65
CCCCCCNCCCCCC,368.15
CCCC(=O)CCC,322.15
CC(=O)c1ccccc1,355.15
CCCc1ccc(N)cc1,376.0
CCCCCCCCC(C)C,323.0
CCc1ccc2c(c1)CCCC2,376.35
CCC(=O)OCc1ccco1,355.0
CCCCc1ccc(N)cc1,375.0
CCn1cccc1,298.65
CCN(CC)C(=O)c1cccnc1,414.25
CC=CC=CC(=O)OC,343.15
CCOC(=O)C(C)(C)C,289.15
CCC(C)OCCO,323.35
CCC(=O)NC,378.55
OCCc1ccccc1,369.0
CC(C)OC(=O)c1ccccc1,372.15
CCCCCOC(=O)CC,326.0
CC(O)CCc1ccccc1,383.15
Cc1ccc(C(=O)O)c([N+](=O)[O-])c1,432.15
CCC(C)c1ccccc1N,375.0
CCCCC=O,281.0
CCCCCCCCCC#N,365.15
CC=CCOC=CC,287.55
CCN(CC)C(C)=O,342.45
COc1cc(O)c2c(c1)Cc1cc(C)cc(O)c1C2=O,483.25
Nc1cc2ccccc2c2ccccc12,497.55
Cc1ccc([N+](=O)[O-])cc1,379.1402778
CCCOCC(C)OCC(C)O,373.85
O=[N+]([O-])c1ccc(CCO)cc1,417.65
CCC(OCCCOC)OC(C)=O,359.15
CCOC(=O)c1ccc(O)c(OC)c1,395.55
C=CCCCCCCCCC=C,342.45
COCCOCCOC,340.15
COc1cccc(OC)c1O,373.05
CNc1ccccc1,351.5014445
C=COCCOC,282.45
Cc1ccccc1OCC(O)CO,434.65
CN(CCCN)CCCN,375.95
CCOC(=O)c1cccc(C)c1,374.25
CCCCCCCCC#N,355.0
C=CC(=O)OCCCCCCC,341.05
CCCCCCC(O)CCC,355.35
CC1C=Cc2ccccc21,338.15
CCC(C)(N)C#N,343.85
CCc1ccc(CCc2ccccc2)cc1,404.0
C=C(C)C(=O)OCCC#N,381.95
C=COC(C)C,241.15
CCCCCCCCC,304.075
CCCOCC(C)C,282.15
CC1(c2ccccc2)CCOCO1,386.95
C(#Cc1ccccc1)c1ccccc1,399.193
CC1(C)CCC(C)(C)C1,291.05
CC(C)=CCCC(C)CCCC(=O)[O-],376.0
CCCC(O)C(C)C,313.706
CCOC(=O)c1ccc2c(c1)OCO2,397.25
C1CCC2NCCCC2C1,341.45
CCC(O)CC,303.15
CCCNCCC,290.1680556
CCC(C(C)O)[N+](=O)[O-],363.75
CC(C=O)Cc1ccc(C(C)C)cc1,389.85
CC(C)CCOCc1ccccc1,366.85
Cc1cc(C)c(O)c(C(C)(C)C)c1,384.85
CCOc1cccc(OCC)c1,360.25
CCCC(C)C(C)(C)CC,317.55
CCOC(=O)CNc1ccccc1,392.75
c1ccc(Cc2ccccc2OCC2CO2)cc1,418.05
CCCC(=O)Oc1ccccc1,363.45
Cc1ccc([N+](=O)[O-])c(C(=O)O)c1,438.15
CCC(C)CC(C)C(C)C,304.0
C=C(C)C(CC)CC,279.85
Cc1ccccc1C(C)(C)C,334.6
CC(C)(C)c1cc(O)ccc1O,411.85
C=Cc1ccco1,278.65
CC(C)=CCC1CCCC1=O,353.65
CCCCC(=O)c1ccccc1,372.85
CC#CCCCCCCC,326.0
CCCCCCOCCO,364.15
CCCCCN,277.0
Cc1ccc(C=O)cc1,353.0
Oc1ccc(C2=CCCCC2)cc1,410.25
C=CCCN,265.0
Cc1cccc(C=O)c1,351.15
CCCCC(C)C(C)C,288.0
CC(C)O[N+](=O)[O-],285.95
CC(C)CCCC(C)(C)O,336.15
CC(C)C(=O)C(C)C,288.1
CCOC(=O)C(C)C(=O)OCC,349.85
CC(C)COC(C)C,268.0
CCCCCCCCCCC1CCCCC1,400.65
Cc1ccc2c(c1)CC(C)CC2,371.55
Cc1ccccc1CC(C)C,341.75
c1ccc(CC2CO2)cc1,354.85
C=C(C)CC,239.0
COc1ccc(CCC(C)=O)cc1,385.15
COc1ccc(C=O)cc1OC,383.55
CCc1cccc2c1CCCC2,371.55
Cc1ccc(C)c(NO)c1,379.25
Cc1ccc([N+](=O)[O-])cc1C,380.15
COC(=O)C(C)C,276.0
CCCCC(C)(CC)CC,314.0
C=CC(C)(C)CCC,283.85
CC=C(C)C(=O)OC,308.15
CCC(=O)CC(C)=O,326.75
O=[N+]([O-])C=Cc1ccccc1,390.65
CC1CC=CCC1C=O,326.35
CCN(CC)N=O,336.15
C=CC1CCC2OC2C1,321.25
C#CC(O)CC,302.15
CCOC(=O)c1cccc2ccccc12,421.85
CCCCCCCOC(=O)CCCC,372.15
CC(O)COC(C)CO,390.9277778
CCCCCCCCCCCCCCCCN,414.15
O=[N+]([O-])c1ccc2ccccc2c1,431.85
O=CC=Cc1ccc([N+](=O)[O-])cc1,424.75
CC(C)c1ccc(C=O)cc1,366.45
CCC=CC(=O)O,375.0
C=C(C)C(=O)OCCCCCCCC,364.15
CCC(C1CCCCC1)C1CCCCC1,388.35
Cc1cccc(N)c1,359.1402778
CCCCCCCCCC,319.075
CN1CCOCC1,297.15
CCCCCC1CCCC(=O)O1,379.25
CC1CCCO1,262.15
CCCCOC(=O)C(=O)OCCCC,377.15
CCCCCCCC(=O)OCCCC,372.15
Cc1ccc2c(c1)CCCC2(C)C,370.95
Nc1ccc(N)c([N+](=O)[O-])c1,460.05
CNC(=O)Oc1cc(C)cc(C(C)C)c1,397.45
CN1CCCCC1,276.45
CCOCCCO,327.15
CCC(=O)c1ccccc1,360.54
c1ccc2c(c1)CCCN2,373.75
CC(C)CCC(=O)c1ccccc1,372.55
CCc1ccc(C)c(C)c1C,346.0
CCN(CC)C(=O)c1ccccc1,398.65
Cc1cc([N+](=O)[O-])c(O)c([N+](=O)[O-])c1,390.85
c1cnoc1,281.525
O=C([O-])C1CCCCC1,324.0
CCc1cc(CC)cc(CC)c1,354.0
COC(=O)C=C(C)C,305.25
Cc1cccc2ccoc12,344.55
CCC(C)CCCC(C)C,307.0
Cc1cc(C(=O)O)ccc1[N+](=O)[O-],434.35
CC1CC(=O)C(C)(C)C1,318.55
CCCC=C(C=O)CC,341.15
CCCCCC(=O)OCCCC,354.25
CCOC(=O)CCC(C)C,319.85
C=C(C)C(C)CC,256.0
C=CC=CC,232.0
CC(=O)OC(C)(C)CCc1ccccc1,383.85
COc1ccc(C=O)cc1O,393.05
CC=CC(C)C(=O)O,370.55
COCC(C)C,244.0
CC(C)COC(C)(C)C,276.0
NCC1CCNCC1,351.15
CCC(C)CC,241.0
CCC(=O)OCCCc1ccccc1,390.05
CCCC#CCCCCCC,339.0
CN1CCCN(C)C1=O,358.45
CC(C)OCCOCCO,354.05
CCCCOc1ccc(C)cc1,368.95
CCCc1cccc(CC)c1,342.8
COc1ccccn1,305.15
C=CCOC(=O)CC(C)=O,348.15
Cc1cccc2[nH]ccc12,387.25
Cc1cccc(CO)c1,378.0
CCOc1ccc(N)c(N)c1,436.95
CCC(O)OCCCOC,347.15
c1cocn1,292.0292222
CCCCC1CCCC1=O,341.0
O=C(O)C1CCC2CCCC21,396.85
CCC(C)(C)C(C)(C)C,289.0
Cc1ccccc1C(=O)c1ccccc1,392.15
CCOCCOCCOCCO,408.15
CCOC(=O)C(CC)(CC)C(C)=O,354.55
CCCCCOCCCCC,330.3722222
CCOC(C)(C)C,254.15
CCCCCCC(O)CCCC,367.15
C=CC(=O)NCOCCCC,397.05
CC1CCC(C(C)C)C(=O)C1,345.95
C=Cc1ccc(CC)cn1,349.35
CC(=O)C(C)=O,300.15
Nc1ccc(N=Nc2ccccc2)c(N)c1,487.95
CCCCCCCOC(=O)CCC,363.75
O=[N+]([O-])C1CCCCC1,354.35
O=Cc1ccc(O)c(O)c1,419.85
CC(C)C1CCC(O)CC1,353.95
CC=CCCCCCCCCCCCC,396.0
CCC1(C)CCCCC1,302.35
CCc1ccccc1OC,333.75
CNCCN(C)C,282.55
CCCC#CCCC,291.0
CCC(C)C=O,277.15
COCC(C)OC(C)=O,319.15
C#CCCC,239.0
CCCCOCOCCCC,333.15
CC(=O)Nc1cccc(O)c1,458.35
CC(C)C(=O)c1ccccc1,352.45
CC(C)CCCCCCC=O,358.15
C=C(C)OC,244.15
CCCCC1CO1,294.95
C=C=CCCC,253.15
COCCOC(N)=O,404.15
CC(=Cc1ccccc1)c1ccccc1,397.65
CCCC#CCCCC,308.0
c1ccc(Cc2cccnc2)cc1,391.75
CCCCCCCCCCO,381.0
C=CC(=O)OC(C)C,281.0
CC(c1ccccc1)N(C)C,337.55
Cc1ccc(O)cc1C,367.15
CC(C)CCCCCCOC(=O)c1ccccc1C(=O)OCCCCCCC(C)C,489.0
CC(C)CCCCCCO,352.65
C=Cc1ccccc1C=C,335.15
CC(C)C1CCC(C)C(O)C1,359.85
CCN(CC)CC,264.0
O=C1CCCc2ccccc21,377.75
Cc1nccnc1C,327.55
C=Cc1ccccc1CC,331.0
Cc1ccc([N+](=O)[O-])cc1O,407.35
C=CC(=O)OCCCCCCCC(C)C,367.45
Cc1ccc2nc(C)ccc2c1,379.65
CC(C)c1ccccc1N,368.0
CCCCCCCCCCCCCCCCCCCCc1ccccc1,470.05
CCC(C)(C)C(=O)O,352.55
CCOc1ccccc1C,337.35
Cc1cccc2c(C)cccc12,384.55
CCC=C(C)C(=O)O,380.15
COCC(=O)c1ccccc1,368.05
CCCCCCCCCCCCCCc1ccccc1,433.55
CC1(C)C2CC=C(CCO)C1C2,372.05
CCC(C)(C)OO,314.35
CCCCCCCCCCCCCCC1CCCC1,427.25
CN1C2CCCC1CC2,315.35
CNc1ccc(C)cc1,345.25
CCC=CC=O,292.15
Cc1cccc(C)n1,306.2069445
CCCC(=O)c1ccccc1,361.0
OCCCc1cccnc1,389.55
CC1OCCO1,271.0
CCCCCCCC1CCCC1=O,371.75
C=CCCCC=CCOC(C)=O,360.85
CCCCC(C)(O)CC,327.0
CC(C)C#N,281.0
CC(C)(C)C(=O)O,337.15
CC1CCCC1(C)C,279.55
CC(C)=CCO,323.15
CCCCCCc1ccccc1,356.0
CCN(CC)CCOC(=O)c1ccc(N)cc1,452.95
CCC(=O)OCCC(C)C,319.0
CC(=O)OCC=C(C)C,322.15
CC1CC(=O)CC1C,314.0
O=NN1CCc2ccccc21,409.05
C=Cc1ccc(CC)cc1,335.25
CCCCCOC,271.0
CCCCC(C)OC(C)=O,318.15
OCCC1CCCCC1,359.85
CN(C)CCC#N,337.15
CN1CCc2cc3c(cc2C1)OCO3,396.15
CCCCCCCCCCCCCCC1CCCCC1,437.85
CCc1ccc(C)cc1C,330.0
CC1C(=O)CC2CC1C2(C)C,345.95
C=CCOC(=O)C(=C)C,310.0
Cc1ccc(CO)cc1,378.15
NNc1ccc(C(=O)O)cc1,455.05
CCCCOC,263.0
COC=Cc1ccccc1,350.45
c1ccc2c(c1)cc1c3c2ccc2cccc(c23)C1,502.65
CCCCCCc1ccc(O)cc1O,428.35
c1c2c(cc3c1CCCC3)CCCC2,409.55
COc1cccc(O)c1O,392.65
Cc1ccc2ccc(C)cc2c1,383.65
Cc1ccc(O)c([N+](=O)[O-])c1,381.15
CC1CNCCN1,318.25
CC(C)(C)c1cc(N)cc(C(C)(C)C)c1,388.75
CCCCc1cccnc1,352.15
Cc1nc(C)c(C)o1,306.45
CC=NO,313.075
C#CC(C)O,298.75
C=CCOCCO,328.15
CCCCCCC(=O)OCCCCC,372.15
O=[N+]([O-])c1ccccc1CO,404.25
CCCCC(CC)CCO,352.65
N#Cc1ccc([N+](=O)[O-])cc1,413.05
C=CC(=O)OC(C)CC,299.6
CCCC(C(C)=O)C(=O)OCC,355.55
C#CC(C)(O)CC(C)C,317.55
CC=CC(OCC)OCC,312.05
CCOC(=O)CC1(C)OCCO1,353.95
CC(C)COC(C)OCC(C)C,309.05
C#CC(C)=O,272.15
CCC(C)C(C)(C)C(C)C,304.0
C(CC1CCNCC1)CC1CCNCC1,405.25
CCC(O)C(C)(C)C,311.45
CC1(O)CCCC1,313.75
CCCCCCC(=O)OC(=O)CCCCCC,403.05
Cc1ccc(N(C)C)cc1,357.35
CC1=CC(C)(C)CC(=O)C1,337.35
Cc1ccccc1N=Nc1ccc(N(C)C)cc1,463.35
CCCCCC(=O)OC,314.0
O=C(O)CO,401.85
CC(C)C,190.075
Cc1cc(N)c(O)cc1C,383.15
NCCCNCCCN,391.15
OCC#CCO,401.15
Cc1cnccn1,323.15
Nc1ccc2c3c(cccc13)-c1ccccc1-2,519.35
Cc1ccc2[nH]c3ccccc3c2c1,438.55
CCCCCCCCCCCCCc1ccccc1,438.0
CC1CCC(C)C1C,282.394
CCOC(=O)C(C)(C)N=NC(C)(C)C(=O)OCC,386.05
CC1CCC(C)C1=O,313.75
CCCCCCCC1CCCO1,347.05
C=C(C)CNCC,280.175
CCCCC(CCCC)CCCC,338.05
Cc1ccno1,303.15
Cc1ccc([N+](=O)[O-])cc1C(=O)O,432.75
CC1CC(C)(C)CC1=O,316.0
C1=CCCC2OC2CCC=CCC1,386.75
CCC(C)(C)C,225.15
COC(=O)C1=CCCN(C)C1,354.25
CN(C)c1ccc(C=CC=O)cc1,404.35
CC(C)(C)c1ccc(O)c(N)c1,393.25
CCC(CC)(CC)CC,294.0
C=CCc1ccc(O)c(OC)c1,377.15
CCCC(=O)c1ccc(C)cc1,383.25
CCCCCCC(=O)O,388.1
CC(C)Nc1ccccc1,361.15
C#CC(OCC)OCC,305.35
COC(=O)c1cc(O)cc(O)c1,420.75
CCC(C)CC(C)N,302.05
Cc1ccc(N)c([N+](=O)[O-])c1,410.15
CCOC=O,253.15
CC(=O)Oc1cc(C(C)C)ccc1C,367.75
C=CCCC(C)CC,288.65
CC#CCCO,327.55
Nc1cccc2ncccc12,444.65
CC(=O)OCCCCOC(C)=O,378.35
C=C(C)c1cccc(C(=C)C)c1,364.25
COc1cc(C(C)=O)cc(OC)c1O,404.85
C1=CC=CCCC=C1,300.95
CCC=Cc1ccccc1,336.75
CCC(C)(C)CCC(C)C,312.85
c1ccc(-c2ccc(OCC3CO3)cc2)cc1,430.75
CCCCOC(=O)CC(=O)OCCCC,390.55
Cc1ccc(CO)c(C)c1,374.85
CCCCCCCCCCCCC(=O)O,438.0
CCC1(C)OCCO1,286.15
CCCCCCCCCOCCCCCCCCC,402.45
CCCC(=O)C(CC)Cc1ccccc1,381.05
C=CC(O)C=C,303.15
CCN(C(C)C)C(C)C,283.75
CCCCCC1=C(C)CCC1=O,383.15
CC1CCCC1O,320.35
CCCCC(N)=O,367.45
N#Cc1ccc(O)cc1,397.05
CNCCc1ccccn1,369.85
C=COC(=O)CCCC,311.55
Cc1c2ccccc2cc2ccc3ccccc3c12,490.95
O=CC1CC=CCC1,330.15
C#CC(C)(O)CC,302.15
COCCc1ccccn1,336.95
C=CCOC(=O)CC(C)C,312.15
O=C(O)CC1CCCC1,387.15
CC(C)(C)Cc1ccccc1,323.0
N#Cc1ccccc1[N+](=O)[O-],410.75
CCOC(=O)c1ccccc1[N+](=O)[O-],399.25
CCCCC(CC)CC=O,328.0
CC(C)c1ccc(C(C)(C)O)cc1,378.65
CCCC(CC)CCC,288.0
COc1ccc(N)c(C)c1,386.65
CCN(CCC#N)c1ccccc1,405.95
COC(=O)CC(C)=O,343.15
CN(C)CCCN(C)C,304.85
C=C(C)C(=O)OCC(CC)CCCC,365.15
CCCCC(C)C,255.15
C=CCCCCCCCCC(=O)OCC,386.0
C=CC(C)C=C,235.0
NCCOCCN1CCOCC1,388.0
CCCCc1ccccc1C,345.6
CC(C)(C)c1ccc(O)c(O)c1,403.0
COc1cccc(C)c1,325.0
CC1CC2c3cccc4[nH]cc(c34)CC2N(C)C1,473.35
CCC(C)CN,276.45
Cc1cc([N+](=O)[O-])ccc1N,430.35
CC(C)CC(N)CO,363.75
CCCCCCCCCCC,338.15
CN(C)c1ccccn1,347.15
CC(C)CNCCO,345.25
C#CC=CCO,337.35
CC=Cc1ccc(O)c(OC)c1,386.15
CC(C)CCC=O,290.95
C=C(C)C1CC=C(C=O)CC1,368.75
Oc1ccc2c(c1)OCO2,392.65
CCN1CCOCC1,302.075
C=C(C)C1CC=C(C)C(O)C1,364.35
COc1ccc([N+](=O)[O-])cc1N,439.75
CCCC(C)(C)C(C)(C)C,304.0
Oc1ccccc1O,400.0
C=CCCCCCCCCC(=O)O,418.965
C=Cc1ccc(C(C)(C)C)cc1,352.0
CC(C)(O)CCO,364.45
c1ccc2c(c1)ccc1cccnc12,429.05
CC(C)(C)c1cccc(O)c1,382.65
CCOC(=O)C(CC)C(=O)OCC,361.15
CCCOCCO,322.0388889
CCCCc1ccc(C)cc1,344.3
CC(C)=CC=O,307.05
Nc1ccc2c(c1)CCC2,383.15
CCCCCCCC(=O)O,383.15
CC(C)(C)C1CCCCC1,313.0
CC(=O)N(C)C(C)=O,339.65
CN(C)C1CCCCC1,315.15
O=C1CCC1,283.0
C=CCC(=O)OCC,303.85
CC1CCCCC1(C)C,298.35
Cc1ccc(O)c(C)c1C,378.45
CCN(CC)CCCN,332.15
CC(C)C(=O)OC1CCCCC1,348.05
CCCCNCC1COc2cccc(OCC)c2O1,426.05
CCCCc1ccc(O)cc1,394.65
CC(=O)CCC(=O)O,388.15
CCc1cc(C)ccc1C,329.0
C=CC(=O)OCCCCCCCCCCCCC,405.15
Nc1ccc(N)c2ccccc12,484.65
C=CCCC(=O)O,362.15
OCCO,383.0
CC(=O)OC1CCCCC1,330.0
CCC(O)C(C)CO,381.65
Cc1cccc(C(C)(C)C)c1O,380.0
Cc1ccc(C)c(C=O)c1,360.15
CCCN(CCC)c1ccccc1,375.35
CC#CC(C)(C)C,263.0
CCC(N)=O,358.05
CN(CCO)CCO,400.0291667
CCc1cc(C)cc(O)c1,376.65
CCC(C)c1ccc(N)cc1,380.95
CCOC(CN(C)C)OCC,318.15
CCOC(=O)C(CC)(CC)C(=O)OCC,367.55
C=CCC1CCCCC1,302.0
C#CCCCC,253.0
CCC(C)OC(C)(C)C,276.0
Cc1cccc(N(C)C)c1,354.15
CCCCN(CC)CC,299.95
C#Cc1ccc(C)cc1,322.039
CC(C)C(=O)OCc1ccccc1,368.65
Cc1ccnc(C)c1C,335.05
CNC(=O)Oc1ccc(C)c(C)c1,389.35
C=CCCC(C)C,263.0
CC(C)CCC(C)(C)O,329.75
CCCCC(C)(C)CCC,314.95
Cc1cc(C)cc(C(C)(C)C)c1,344.95
CC(C)C(C)(C)C,249.0
CC1=CCCCC1,272.0
CCC(C)Nc1ccccc1,366.0
Cc1ccccc1N,358.1125
CCCCC(=O)C(C)C,317.35
CC(=O)c1ccc(O)cc1,394.35
CCCCCCCCC1CCCCC1,378.55
CCCc1ccccc1C,326.0
CC(=O)OCc1ccccc1,364.15
CC(C)(C)C#N,277.0
CCCCCCCCCC(C)CO,392.0
Cc1ccc([N+](=O)[O-])c(N)c1,415.95
CCC(C)(C)c1ccc(O)cc1,384.0
CC(C)(C)C(=O)c1ccccc1,359.15
CC(C)(C)c1ccncc1,336.45
CCc1cc2ccccc2c2ccccc12,438.25
C#CCC,210.15
CCCCCCC(=O)OCCC,349.85
CCC(C)CC(C)=O,304.15
CCCC(O)CC(C)C,337.35
CCCC(CC)c1ccccc1,347.35
CCCCCCCCCCCCOC(C)=O,393.0
CCC1CCCCC1=O,332.0
C#CCC1CCCCC1,310.65
Cc1ccc(CCO)cc1,380.35
Cc1cc(C)c(C)cn1,331.05
CCCC(C(=O)OCC)C(=O)OCC,364.15
CCCCCC(=O)OC(=O)CCCCC,386.0
C=CCCCC(=O)O,373.25
CC1(C)CCCNC1,305.35
CCN(C(C)=O)C(C)=O,347.55
CC1CCCCCCC1=O,344.0
O=[N+]([O-])c1cccc(CO)c1,419.35
CCCCC#CCCCCC,339.0
COCC(C)OCC(C)OCC(C)O,390.75
CCCCCC(C)(C)CC,314.0
CCOC(=O)C(=O)CC(C)=O,358.905
CC(C)(C)c1cccc2ccccc12,394.75
C=C(C)C(=O)OC(C)(C)C,314.25
O=CC12CC=CCC1C1CC=CCC1O2,409.35
CCC1CCC(C)NC1,317.35
CCCCC(=O)OCCC,325.55
CCCOC(=O)c1ccc(O)cc1,397.75
CC(O)CC=O,339.15
CC(C)(c1ccccc1)c1ccccc1,383.0
CCOC(CN(CC)CC)OCC,338.15
CC(=O)Oc1cccc(C)c1,358.35
Cc1cccc(C(C)C)c1,323.0
CC(=O)c1ccc(-c2ccccc2)cc1,413.05
C=C(C)C(=O)OCC1CCCO1,364.15
C=C(C)c1ccc(C(C)C)cc1,353.65
Cc1cc2ccccc2o1,340.15
CCC(O)(CC)C(C)C,329.75
CCCCCOCC,289.55
C#CCC(C)C,249.0
C=CCCCCCCC=C,316.0
CC(C)(C)c1cccc(N)c1,374.0
CC1CCCC(C)(C)C1,298.35
CCC(=O)N(CC)CC,346.75
CCCCCCO,332.0
O=NN1CCCCCC1,376.35
C=C(C)C1CC=C(CO)CC1,372.75
CC(=O)OCc1ccc(C)cc1,371.15
Nc1ccc(N=Nc2ccccc2)c(N)n1,494.45
CCc1ccccc1C,312.0
CCC(C)COC(C)=O,308.15
CC1=CCC(C(C)(C)O)CC1,362.55
NCCCN1CCOCC1,371.15
CCCCN,261.0569445
CC(=O)CCC(C)C,309.15
C=CCN(N)CC=C,327.15
CCCCCOC(=O)CCCCC,361.05
CCCCCC(C)CCC,311.0
C1=CCc2ccccc2C1,343.85
CCCCCCCCCCCCCCCCO,427.1
CCC(C)c1cccc(C)c1,336.2
Cc1ccnc2ccccc12,379.25
O=C1CCCC1,299.0
CCCCCCC(=O)OCCCC,361.05
Cc1ccc(N)cc1,360.15
O=C(c1ccccc1)C1CCC1,375.65
COC(=O)c1cccc([N+](=O)[O-])c1,409.95
CCCN1CCCCC1,312.95
Cc1ccc(C(C)C)cc1C,341.2
C=C1CCCC1,254.5
CCC(C)(O)C(C)C,313.75
Cc1ccc(N)c(C)c1,369.15
Oc1ccc2cccnc2c1,416.22
NCCCCCCN,366.6958333
CCCC(=O)NN,378.05
c1cnc2c(c1)ccc1ncccc12,437.95
O=C(C=Cc1ccc([N+](=O)[O-])cc1)c1ccccc1,459.65
CNCCCC1c2ccccc2C=Cc2ccccc21,471.45
N#CCc1ccc(N)cc1,409.45
Cc1cc(N)ccc1N,413.75
c1ccc(Cn2ccnc2)cc1,414.45
Cn1ncc2cc([N+](=O)[O-])ccc21,443.85
COC(=O)c1ccc(C)cc1O,370.95
COCC(COC)OC,315.85
CC(C)(C)[N+](=O)[O-],292.15
CC(=O)C(=O)c1ccccc1,357.15
O=C1CCc2ccccc21,384.85
CCOC(=O)CC(=O)OCC,366.0
CCCCCCCC(CO)CCCC,404.0
c1ccc(CC2CCNCC2)cc1,398.55
OCCc1ccccn1,365.95
CC(=O)OC(OC(C)=O)c1ccccc1,378.85
CC(C)CCN,291.45
CCCCCCCCCc1ccccc1O,411.0
Cc1ccc(O)c(O)c1,394.25
C#CC(=O)OC,283.15
CCCCCC=CC(=O)OCC,371.0
CCCCCC(=Cc1ccccc1)CO,407.25
CCOC(=O)C(C(=O)OCC)C(C)C,369.45
c1ccc2c(c1)cnc1ccccc12,429.05
C=CCC(C)(C)C,261.0
c1cnccn1,328.575
CCCOCCOCCO,372.0
Cc1ccc2ccccc2c1[N+](=O)[O-],423.55
C=CCC(O)CC=C,313.15
CC=CCC(C)(C)C,281.55
CCCCC=C(C)C,281.0
C=CC(C)CCCC(C)C,316.95
CCCC(C)(C)CCC,288.0
CC(=O)C1CCCC1=O,345.95
CCCCCN1CCCCC1,351.45
C=C=CC(=O)OCC,320.0
COC(=O)c1cc(C)ccc1O,371.65
CCCCCCCCC=O,336.0
Nc1cccc2c(N)cccc12,493.35
COc1cccc(C(C)=O)c1,364.35
CCC(C)(C)N,257.0
NCC1CCC(C(=O)O)CC1,408.507
C=CC(C)(CCC=C(C)C)OC(=O)CC,370.15
NCC1CCCCC1,316.0
CCOc1ccc2ccccc2c1,400.15
CCc1ccccc1,288.15
C1=CCCCCC=C1,308.15
CC(=O)OC(C)(C)Cc1ccccc1,374.95
Cc1ccc(C)c([N+](=O)[O-])c1,373.15
CCCC(C)C(C)CC,288.0
CCCCCCCNCCCCCCC,381.05
CCC(C)CC(O)CC,327.0
O=[N+]([O-])c1ccc(O)cc1,415.05
CC(C)N(N)C(C)C,303.45
CC(C)C(C)C(C)C(C)C,304.0
COc1cccc(C)c1OC,340.75
CC(=O)OCC1CCCO1,357.55
CC(C)=CCCC(C)O,340.95
c1ccc2c(OCC3CO3)cccc2c1,425.15
Cc1ccc(C(C)C=O)cc1,374.15
CC1(C)CC(O)CC(C)(CN)C1,375.35
O=C1CCc2ccccc2O1,403.15
CCOC(=O)CCCCCC(=O)OCC,390.55
CC(C)=CCCC=C(C)C,317.05
CCC(C)(CC)C(C)C,288.0
CCC(C)C(C)CC,277.0
CCc1ccc2cc(CC)ccc2c1,410.0
O=C(O)c1cc([N+](=O)[O-])cc([N+](=O)[O-])c1,452.35
C=CCOC(=O)c1ccccc1N,429.25
O=C(O)c1cccc([N+](=O)[O-])c1,430.65
NC1CCC2C3CCC(C3N)C12,399.75
CCCCCCCCCCCCc1ccccc1O,436.15
CCC(C)(C)c1ccccc1,332.0
CCCC(C)(C)CC(C)C,311.65
C=CCCCCC(C)C,291.0
C#CCCCCO,343.15
C=CC(=C)CCCC(C)(C)O,357.95
CCCCOCC1CO1,327.15
C=Cc1ccccc1OC,343.75
CCCc1ccco1,287.95
CCOCC(O)CO,372.65
N#Cc1cccnc1,357.297
Nc1ccc2c(c1)-c1ccccc1C2,466.45
CN(N)c1ccccc1,366.75
CCCOc1ccccc1O,370.35
COC(=O)C(C)O,322.15
CCC=CCC(=O)OC,319.0
CC(C)CN1CCOCC1,322.95
CCC(CC)[N+](=O)[O-],319.25
CCOC(=O)CCc1ccccc1,381.15
C=COc1ccc([N+](=O)[O-])cc1,397.95
CC(C)CC(C)C,261.0
CC1CC(C)C(C)CC1C,313.65
CCCCCCC(=O)OCC,347.0
CCCC(C)CC(=O)O,376.0
C=CC1CCCCC1,294.0
Nc1cccc2c1Cc1ccccc1-2,461.95
CCCCc1cccc(O)c1,395.85
CCC(C)(C)C(C)(C)CC,304.0
CCCCOc1ccc(C=O)cc1,396.95
COC(=O)C(C(C)=O)C(C)=O,355.55
Cc1cc(C)c(C)c(O)c1,376.75
CCOC(C)CO,319.05
CCOc1cccc(-c2ccccc2)c1,393.85
CNC(=O)Oc1ccc(C)c(C)c1C,403.45
C=CCCCC=C,263.0
CC(=O)CCC(=O)OC(C)C,357.55
c1ccc2c(c1)ccc1c3ccncc3ccc21,486.35
CCCCCCCCCCCCCCCCCC1CCCCC1,461.25
CCCCCCC=O,310.9277778
O=C([O-])Cc1ccccc1,353.15
C=Cc1c(C)cc(C)cc1C,344.95
CCCC=CCOC(C)=O,331.15
Cc1ccc(C)c(O)c1,360.0
CC(=O)CCCC(C)C,317.75
C=CCc1c(O)cccc1OC,377.05
CCCC(C)=C(C)C,288.75
C=CCc1ccc(OC(C)=O)c(OC)c1,383.15
CCCCCCC#COC(=O)OCC,372.55
Cc1cccc(CN)c1,353.75
CC12CC3CC(C1)CC(C)(C3)C2,325.0
CC1CCCC(C)C1=O,326.95
Cc1ccc2nc3c(ccc4ccccc43)c(C)c2c1,481.85
NC(=O)c1ccc([N+](=O)[O-])cc1,449.45
N#Cc1ccccn1,362.55
Cc1ccc(-c2ccccc2)cc1,383.15
C=COC=O,256.0
Cc1ccc(N2C(=O)C=CC2=O)cc1,427.35
CC1CCCC(C(C)C)C1,317.85
CC(=O)OC(C)(C)C1CC=C(C)CC1,356.15
C1C2CC3CC1CC(C2)C3,322.05
CC(C)(C=O)CO,333.45
O=C1CCCCN1,406.25
CNC(=O)Oc1cc(C(C)C)cc(C(C)C)c1,406.95
CCCCC(C)=O,296.15
Oc1ccccc1Cc1ccccc1,420.45
CC(CC1CCCCC1)CC1CCCCC1,399.85
O=C(C1CC1)C1CC1,312.55
CC(=O)CCCC(C)CCC=C(C)C,377.35
C=CCOC(=O)CC1CCCCC1,371.95
C=CCCCCCCC,298.0
COC(=O)CCC(=O)OC,358.15
C=CC(=O)OCCCCC,321.35
CC(=O)CCc1ccccc1,371.15
Cc1cc(C)c(C)c(O)c1C,384.75
O=CC=Cc1ccco1,361.95
CC(=O)C1=CCCCC1,346.35
CCN(CC)C(=O)CC(C)C,351.85
CC(C)C(O)C(C)(C)C,323.15
CC1CC(=O)CC(C)(C)C1,337.15
O=C1CCCCCN1,409.85
CC(C)(O)CCc1ccccc1,379.85
CC(C)CCCN,298.85
Cc1ccoc1,251.0
CCCCCC1CCCC1=O,351.0
C=C(c1ccccc1)c1ccccc1,386.15
C1CCCCCCCCCCC1,360.75
CCCC(C)CC(=O)[O-],305.15
CC1(C)CCCc2ccccc21,354.35
CCN(C)CC,250.0
CCCCCCCCOC(=O)CCCCC,393.15
Cc1cc(C)c2ccccc2c1,382.55
CCCCCCCCC(=O)OCC,367.0
CCC(C)CC(C)(C)CC,304.0
CCCCCCCCCCCCCCCCCCCC1CCCCC1,475.15
Cc1ccc(OC(=O)C(C)C)cc1,366.95
Cc1ccc(C(=O)O)cc1,397.85
Cc1ccc(CCC=O)cc1,372.55
CCN1CCCC1,274.75
C1CCCCCCCC1,316.0
CCCCCCCCOC(=O)CCCC,382.75
CC(O)C1CCCCC1,346.15
C=CCOCC,253.0
COc1ccc(C)cc1OC,358.15
CCOC(=O)C1OC1c1ccccc1,386.15
CCCCCCOCC,304.35
CCC(C)C(O)C(C)CC,342.95
CCCCCc1ccc(C)cc1O,398.45
Cc1ccc2cnccc2c1,385.45
CCC(=O)OCCOC(=O)CC,371.45
CC(C)(C)C1CCC(=O)C1,337.0
CCOC(=O)CC(=O)CCc1ccccc1,405.45
CCCCc1ccc2ccccc2c1,405.25
Cc1cccc(C(C)(C)C)c1,333.65
C=C1CC2CC1CC2(C)C,308.05
Cc1cc(C)c2ncccc2c1,386.65
OCCOCCOc1ccccc1,414.05
C=CCCC(=O)OC,302.0
CCCCCOCCO,347.0
CCCCC(C)CC,279.0
CCC(C)(CO)CO,369.25
COc1ccc2ccc(=O)oc2c1,411.75
CCC=C(C)C,250.0
CCCC1CCCC1,289.0
C1=CCCCCCC1,298.0
CCC1(C)CC(=O)NC1=O,396.95
CCCCC(C)C(C)O,337.35
Cc1cc(O)c(C)c(C)c1C,389.75
CCCCCCO[N+](=O)[O-],335.95
CC(N)(CO)CO,382.85
CC(C)c1cccc(O)c1,377.0
CCCC(C)CCC,278.0
CCC(C)C(C)CO,334.15
CCN(CCC#N)c1cccc(C)c1,418.25
CCCCC(C)CO,334.95
C=CC(=O)OCCOC,333.15
CC(C)C1CCC(C)(O)CC1,356.55
CCCCC=CCO,341.65
Cc1cc2ccccc2c2ccccc12,430.65
CCCOC(C)COC(C)CO,370.9
CC1(C)CCCC(=O)C1,323.25
COC(=O)CCc1ccccc1,372.85
C=CCCC=C,246.0
CCCCCOc1ccc(C=O)cc1,402.15
C=C(C)C(C)O,302.75
CCCCCCOC(C)=O,328.0
CCCCCCCCO,354.0
CC(C)CNCC(C)C,303.0
OC1CCCCCCC1,361.0
CNC(=O)Oc1ccccc1C1OCC=CCO1,442.75
COc1cc(C(=O)O)ccc1O,422.55
CCCC#CCO,340.95
COc1ccccc1CN,373.15
Cc1ccc(Cc2ccccc2)cc1,393.75
CCCc1ccc2c(c1)OCO2,372.45
CCCC1CCNCC1,321.55
CCCCN(C)CCCC,315.35
COC1CCCCC1=O,342.0
OC1CCCC1C1CCCC1,375.05
COC(=O)C(C)C(=O)OC,349.25
CCOC(=O)c1ccc(C)cc1,372.55
C=CC(C)(O)CC,299.15
C=Cc1cccnc1,324.05
CCC(C)c1ccccc1OC(=O)NC,397.85
CC1CCCc2ccccc21,352.25
CC(C)(C)c1cccc(C(C)(C)C)n1,345.15
C[Si](C)(C)Br,270.0
CCCC[Si](Cl)(Cl)Cl,327.0
Cl[Si](Cl)(Cl)C1CCCC1,350.0
CC[Si](OC)(OC)OC,300.0
CCCCC=C[Si](Cl)(Cl)Cl,333.0
Cl[SiH](Cl)CC1CCCCC1,355.0
CCN(CC)[Si](C)(C)C,283.0
CC[Si](CC)(CC)N(C)C,299.0
C=C[Si](C=C)(C=C)C=C,291.0
CCCCCCC[Si](C)(Cl)Cl,339.0
CC[Si](CC)(CC)CC,299.0
C[Si](C)(C)O[Si](C)(C)O[Si](C)(C)C,303.0
CO[Si](C)(OC)c1ccccc1,349.0
CO[SiH](CC1CCCCC1)OC,343.0
CO[Si](CCCOCC1CO1)(OC)OC,383.0
CC(C)[SiH](C(C)C)C(C)C,310.0
CCC[SiH](CCC)CCC,316.0
CCC[Si](Cl)(Cl)Cl,310.0
CC(C)=C[SiH2]Cl,268.0
CC[SiH2]CC,253.0
Cl[Si](Cl)(Cl)c1ccccc1,364.0
Cl[Si](Cl)(Cl)C1CCCCC1,358.0
CC#C[Si](C)(C)C,270.0
CCCCCCC[Si](Cl)(Cl)Cl,337.0
CCCCCC#C[Si](C)(C)C,315.0
Cl[Si](Cl)(c1ccccc1)c1ccccc1,415.0
[SiH3]C(c1ccccc1)c1ccccc1,393.0
CCCCCCCCCCCCCCCC,408.0
C=CCCCCCCCCCCCCCCCC,427.0
C1=CC2CCC1C2,259.0
CC=C1CC2C=CC1C2,302.0
C#CCCCC#C,282.0
CCCCCCCCCCC(C)=O,381.0
CC(C)NC(C)C,266.0
CCCS,259.0
CCCCCCCCS,341.0
CC(C)(C)S,249.0
CCC(S)(CC)CC,307.0
CC(C)CCSCCC(C)C,350.0
CCC(C)Cl,258.0
C=CCCl,245.0
CC(C)CCl,256.0
ClCCCl,286.0
ClCCCCl,294.0
CCCCCCBr,320.0
CCCC(C)Br,294.0
CCC(Br)CC,292.0
BrC1CCCC1,308.0
CCCC(Br)CC,313.0
BrC1CCCCC1,335.0
CCCCCCI,334.0
CCCCCCCCI,368.0
CCSSCC,312.0
C=CCN,245.0
C1=COCC1,249.0
C=CCCBr,282.0
Cc1cc(C)cc(F)c1,308.0
CSCCl,290.0
CCC(Cl)CCl,300.0
CC(=O)CC(C)=O,311.0
Cc1cccc(Cl)c1,323.0
Sc1ccccc1,324.0
CSCCC=O,334.0
CCc1ccc(Cl)cc1,335.0
CCOC(=O)C=Cc1ccccc1,408.0
C=C(C)C,197.0
CN(C)N=O,334.15
[H]OCCCC,308.15
CC(=O)S,284.25
c1cncnc1,304.0
CCC(C)=NO,333.15
CCC(O)CN,334.15
CCCSC,273.15
Cc1ccncn1,313.15
CC1=CCCC=C1,276.25
COCCCl,288.15
CC#CCCCC,281.15
ClC=CCl,279.25
COc1ccco1,283.15
OC1CC=CCC1,326.55
Cc1cccs1,280.0
CC1CCNCC1,280.35
CCN(C=O)CC,333.15
CC(C)(C)NC=O,368.85
CC1=NCCS1,310.35
C1CCSCC1,294.25
SC1CCCC1,298.0
NCCOCCN,347.95
CC(C)CCS,291.45
CC=CC(=O)Cl,308.15
C=C(C)C(C)Cl,275.15
CC(=O)C(C)Cl,296.15
Cc1ccnc(C)n1,309.85
CC(S)CS,308.15
COCC(=O)Cl,301.15
CC(C)(O)CCl,334.15
OCCCCCl,350.35
Cc1ccc(C)n1C,325.35
CC1(C)CC=CCC1,275.85
SCCCCl,316.0
C=COC(=O)C=CC,300.15
CCN(CC)CC#N,327.05
Cc1ccsc1C,298.95
Cc1csc(C)c1,296.15
O=C(Cl)CCl,307.15
Cc1csc(C)n1,315.15
Clc1cccnc1,338.15
O=C1CCCC(=O)O1,394.05
CCCCNC(C)=O,387.65
CCCCSC#N,338.05
CCCSCCC,301.45
CCCSC(C)C,296.15
c1ccc2ocnc2c1,338.45
N#Cc1cccc(O)c1,380.75
c1ccc2c(c1)CCO2,339.15
CCC(C)C(=O)Cl,298.65
NC(CS)C(=O)O,404.65
NC(=O)c1ccncc1,429.15
Cc1ccc(N)c(N)c1,405.25
Cc1ccc(O)c(N)c1,371.75
COP(C)(=O)OC,342.05
O=Cc1ccccc1F,328.15
COc1ccccc1O,355.35
CCSC(=O)Cl,303.75
COS(=O)(=O)OC,356.483
O=C(O)C1=CCCCC1,384.15
CC(=O)c1ccsc1,342.15
CCCC(Cl)Cl,291.45
CN1CCCCCC1=O,376.45
Nc1ccc(F)cc1F,335.15
O=[N+]([O-])c1cccs1,367.05
CCC=C(CC)[N+](=O)[O-],338.75
C=CC(=O)OCC(C)O,353.05
CCCC[Si](C)(C)C,281.65
Cc1cc2ccccc2[nH]1,385.65
CCCC(C)OC(N)=O,367.35
CC(C)=NNC(N)=S,356.25
Cc1ccc2occc2c1,362.55
Fc1cc(F)nc(F)c1,300.65
CSC(C)(C)C=NO,354.25
c1ccc2scnc2c1,369.75
Cc1ccc(C=O)c(O)c1,361.15
COc1c(C)cccc1C,340.15
CO[Si](C)(OC)OC,284.25
C[Si](C)c1ccccc1,308.15
CCC(C)OC(=O)Cl,308.95
O=C(O)c1ccc(O)cc1,444.45
Nc1ccc([N+](=O)[O-])cc1,438.15
CCOc1ccccc1F,333.25
CCOc1cccc(F)c1,324.45
CS(=O)c1ccccc1,390.95
COc1cccc(S)c1,369.25
Cc1ccc(Cl)c(C)c1,335.25
Cc1cccc(CCl)c1,348.75
CCC(C)(Cl)CCl,308.95
CC(Cl)C(C)(C)Cl,302.65
CC(=O)CC1CCCCN1,347.45
S=C=NC1CCCCC1,368.75
CC(C)(O)C#CC(C)(C)O,359.15
Cc1ccc(Cl)c(O)c1,354.15
Cc1c(O)cccc1Cl,357.95
OCc1cccc(Cl)c1,368.55
CCOC(Cl)CCl,316.45
CCCN(CCC)C(C)=O,351.35
Nc1ccc2ccccc2n1,436.75
S=C=NCCN=C=S,395.15
Oc1ccc(O)c(Cl)c1,392.85
Cc1c(F)cccc1Cl,320.85
C#CC(O)(C=CCl)CC,341.55
Sc1cccc(Cl)c1,363.15
N#CCCCc1ccccc1,404.85
CCOC(=O)C(=O)OCC,349.15
Fc1cccc2ccccc12,338.75
CCN(CC)CC(O)CN,361.85
Fc1cccc2ncccc12,371.15
COc1ccc(CC#N)cc1,385.15
CC(Cl)(Cl)CCl,317.25
Cc1cc(C)c(C=O)c(C)c1,378.75
CN(C)C=Nc1ccccc1,359.85
CN(C)C(=O)c1ccccc1,385.05
S=C=NCc1ccccc1,373.55
CN(C)C1CSSC1,353.55
Nc1nc2ccccc2s1,412.95
CSCCC(O)C(=O)O,418.35
C=CCSc1ccccc1,351.968
CC(C)(C)OC(=O)CCl,314.55
CC(C)CCBr,305.35
COc1ccc(C(N)=O)cc1,434.65
O=[N+]([O-])CCc1ccccc1,391.95
N#CCc1ccc(Cl)cc1,406.15
N#CCc1ccccc1Cl,380.85
Nc1nc2cc(F)ccc2o1,398.05
CCOP(=O)(CC)OC,353.15
Cc1ccc([N+](=O)[O-])cc1N,426.15
CCCCOS(C)(=O)=O,375.15
O=C(O)CCBr,371.85
CCOCCBr,294.15
ClC1(Cl)CCCCC1,339.15
CC(=O)CC(=O)C(F)(F)F,299.25
Nc1c(O)cccc1[N+](=O)[O-],417.95
O=C(Cl)CCC(=O)Cl,349.85
CCCCC(Cl)CCl,329.75
c1ccc(-c2ccccn2)cc1,386.45
CCOC(=O)c1cccs1,359.25
CC1(C)CC(N)CC(C)(C)N1,345.15
Cc1cc(O)cc(C)c1Cl,379.05
CCOc1cccc(Cl)c1,356.85
CCOc1ccccc1Cl,355.45
CCOC(=O)C(Cl)Cl,328.75
CC(Cl)CBr,300.7
ClCCCBr,311.15
O=C(O)c1c(F)cccc1F,366.65
COc1ccc2ccccc2c1,375.45
O=C(Cl)c1cccc(F)c1,355.35
O=[N+]([O-])c1cc(F)ccc1F,363.15
O=[N+]([O-])c1ccc(F)cc1F,363.15
COC(=O)c1ccc(C#N)cc1,404.35
CCSC(=O)N(CC)CC,357.35
O=C(O)c1cc2ccccc2o1,416.45
O=C1CCC(c2ccccc2)O1,408.65
Oc1cc(Cl)cc(Cl)c1,380.05
Brc1cccs1,320.202
Cc1ccc2sc(C)nc2c1,383.15
Clc1ccnc2ccccc12,383.15
CC(=O)C(Cl)C(=O)N(C)C,362.15
C=CP(=O)(OCC)OCC,362.05
O=Cc1ccc(NCN=O)cc1,425.25
BrCC1CCCO1,343.85
CCCC(C)(C)Br,306.25
CCCC(C)CBr,313.25
CC(=O)c1ccccc1[N+](=O)[O-],410.95
COc1ccc(C=O)c(OC)c1,397.85
COC(=O)COc1ccccc1,361.85
COC(=O)c1cccc(C)c1O,368.65
CN(C(N)=S)c1ccccc1,388.45
O=Cc1cc([N+](=O)[O-])ccc1O,410.45
Fc1cc(F)c(F)c(F)c1F,287.05
COc1cc(OC)cc(OC)c1,358.75
CCOP(C)(=O)SCC,352.75
CSc1c(C)cc(O)cc1C,403.95
c1ccc(Cc2ccccn2)cc1,398.15
Nc1cccc(-c2ccccc2)c1,450.15
S=C=Nc1ccc(Cl)cc1,378.25
Clc1nc2ccccc2s1,376.95
CC(CC(C)(C)C)CC(C)(C)C,331.55
O=C(O)Cc1ccccc1Cl,404.85
O=C(CCl)OC(=O)CCl,355.95
Cc1ccccc1Br,351.15
CC(Br)C(=O)Cl,324.15
Cc1ccc(Cl)c([N+](=O)[O-])c1,387.05
Cc1ccc(Cl)cc1[N+](=O)[O-],393.15
Nc1cccc(Br)c1,374.35
O=[N+]([O-])c1cccc2ccccc12,437.15
O=[N+]([O-])c1ccc(O)c(Cl)c1,402.75
O=Cc1cc(Cl)ccc1Cl,369.75
O=Cc1cc(Cl)cc(Cl)c1,371.45
CC(C)([N+](=O)[O-])C(C)(C)[N+](=O)[O-],353.35
O=S(O)c1ccc(Cl)cc1,447.05
ClCc1cccc2ccccc12,403.05
OCc1ccc(Cl)c(Cl)c1,388.95
Cc1c(Cl)ccc(O)c1Cl,381.35
Cc1ccsc1Br,341.45
S=C=NCCCc1ccccc1,408.25
CCSC(=S)N(CC)CC,365.25
CCN(CC)c1ccc(N=O)cc1,402.55
Oc1ccc(Cl)c(Cl)c1O,392.45
C=CC(=O)OCCBr,340.75
CC(=O)CCCCBr,351.35
CCO[Si](C)(C)c1ccccc1,346.25
CCCC(Br)C(=O)O,367.35
O=C(O)CCCCBr,387.55
C(=Nc1ccccc1)c1ccccc1,400.324
Cn1c(=S)sc2ccccc21,408.75
Oc1c(F)c(F)c(O)c(F)c1F,351.25
N#Cc1ccc(Cl)c([N+](=O)[O-])c1,399.167
Clc1cc(Cl)nc(Cl)n1,375.65
CC(C)(N)Cc1ccc(Cl)cc1,400.15
O=[N+]([O-])C=Cc1ccc([N+](=O)[O-])o1,420.45
CCOC(=O)c1cccc(Cl)c1,388.35
O=Cc1ccc(Br)cc1,382.05
BrCCc1ccccc1,362.55
Cc1cccc(C)c1Br,347.05
Cc1cccc(CBr)c1,355.15
Cc1ccc(C)c(Br)c1,352.15
CCC(Br)C(=O)Cl,321.95
CNC(=O)Oc1ccccc1Cl,380.45
CCC(C(=O)O)C1(O)CCCCC1,443.25
NC(=S)Nc1ccccc1Cl,404.25
N#CCC[Si](Cl)(Cl)Cl,358.35
Clc1cccc(-c2ccccc2)c1,402.65
Oc1ccc(O)c(Br)c1,395.25
O=C(O)c1ccc(Cl)c(Cl)c1,419.15
BrCCC1CCCCC1,354.75
CCCCN(C(C)=O)c1ccccc1,414.15
C=C(Cl)C(Cl)=C(Cl)Cl,348.95
ClC=C(Cl)C(Cl)=CCl,355.85
O=[N+]([O-])c1ccc(Cl)c(Cl)c1,396.15
CC(=O)C=CC1C(C)=CCCC1(C)C,388.15
O=C(O)C=Cc1ccccc1[N+](=O)[O-],444.95
Nc1ccc2ccc3ccccc3c2c1,502.15
CCCCOC(=O)c1ccccc1N,426.35
OCCOCCOCCOCCO,449.85
FC(F)(F)c1ccc(CCl)cc1,347.05
CCOC(=O)CCCBr,363.75
COC(=O)CCCCBr,372.55
COCC(F)(F)C(F)C(F)(F)F,275.15
Cc1ccc(Nc2ccc(C)cc2)cc1,440.75
Oc1c(Cl)ccc(Cl)c1Cl,366.45
CC(C)CCI,319.15
CCCC(C)I,317.75
c1ccc2c(c1)Cc1ccccc1S2,419.45
COc1c2ccccc2nc2occc12,434.537
CN(C)c1ccc(Br)cc1,377.85
Fc1c(F)c(F)c(S)c(F)c1F,324.85
Oc1ccc(Cc2ccc(O)cc2)cc1,466.05
c1ccc2c(c1)OSc1ccccc1-2,415.85
O=Cc1ccc(O)c(Br)c1,384.95
O=S(c1ccccc1)c1ccccc1,443.25
CCCCN(CC)C(=O)SCCC,391.95
O=[N+]([O-])c1cnc(Cl)c([N+](=O)[O-])c1,421.05
CC(=O)Nc1cc(Cl)ccc1Cl,436.35
CC1COC(C(Cl)(Cl)Cl)O1,351.85
Fc1ccc(Oc2ccc(F)cc2)cc1,384.05
Brc1ccc2ccccc2c1,400.95
Brc1ccc2cccnc2c1,405.95
CC=Cc1cc(OC)c(OC)cc1OC,380.85
Ic1cccs1,344.25
Cc1ccc(C(C)c2ccc(C)cc2)cc1,415.25
Cc1c(Cl)cc(Cl)c(O)c1Cl,388.35
FC(F)(F)c1cccc(C(F)(F)F)c1,299.15
FC(F)(F)c1ccc(Cl)cc1Cl,345.15
COC(=O)c1ccccc1Br,372.75
Cc1cc([N+](=O)[O-])ccc1Br,395.05
COc1ccc(Br)cc1OC,382.15
C=CCOP(=O)(OCC=C)OCC=C,393.25
Nc1ccccc1I,385.45
CCCCOC(=O)C(Cl)(Cl)Cl,346.05
NC(=O)COc1ccc(Cl)cc1Cl,470.05
CC(C)(C)C(=O)OCC(=O)c1ccccc1,404.65
FC(F)(F)c1nc2cccc(Cl)c2[nH]1,409.05
Clc1sc(Cl)c(Cl)c1Cl,386.15
Fc1ccccc1I,344.15
C#CCCCCCCCCCCCCCC,401.127
Oc1ccc2ccccc2c1Br,416.65
C=CC(F)(Cl)C(F)(F)Br,294.25
O=[N+]([O-])c1ccc(Cl)cc1C(F)(F)F,367.05
Clc1ccc(Br)cc1Cl,377.25
COC(=O)c1cc(OC)c(OC)c(OC)c1,388.35
O=[N+]([O-])c1cc(Cl)c(Cl)cc1Cl,402.85
O=C(OCc1ccccc1)c1ccccc1O,410.15
CCC(Br)C(C)Br,327.55
O=C(O)Cc1ccc(-c2ccccc2F)cc1,457.85
Oc1c(Cl)c(Cl)cc(Cl)c1Cl,384.85
Oc1cc(Cl)c(Cl)c(Cl)c1Cl,401.95
CCCCC[Si](OCC)(OCC)OCC,351.05
Clc1ccc2oc3ccc(Cl)cc3c2c1,442.45
O=C(OCC=Cc1ccccc1)c1ccccc1,449.25
O=C(O)Cc1c(Cl)ccc(Cl)c1Cl,440.75
ClCC1COC(C(Cl)(Cl)Cl)O1,380.15
CC(C)(C)c1ccc2nc(C(F)(F)F)[nH]c2c1,413.85
CCCCC(Br)CBr,356.35
O=[N+]([O-])c1ccc(-c2ccc([N+](=O)[O-])cc2)cc1,481.95
c1ccc(C(c2ccccc2)c2ccccc2)cc1,433.45
CCCCCCCCCCCCNC(N)=S,434.75
CCCCOCCOCCOCCOCCO,429.35
C1=Cc2cc3c4ccccc4ccc3c3cccc1c23,520.25
O=C(O)COc1cc(Cl)c(Cl)cc1Cl,454.55
COc1c(Cl)cc(Cl)c(Cl)c1C(=O)O,440.65
COC(=O)c1ccccc1I,383.45
COC(=O)c1cccc(I)c1,403.85
Cc1ccc(N=Nc2c(O)ccc3ccccc23)cc1,483.25
CNC(=O)Oc1cc(C(C)(C)C)cc(C(C)(C)C)c1,416.55
CCOP(=O)(OCC)SC=C(Cl)Cl,387.05
CC(Oc1cc(Cl)c(Cl)cc1Cl)C(=O)O,455.75
CC12CCC3c4ccc(O)cc4CCC3C1CCC2=O,462.85
CCCOP(C)(=S)Oc1ccc([N+](=O)[O-])cc1,445.75
C[Si](C)(Cl)O[Si](C)(C)O[Si](C)(C)Cl,326.45
O=Cc1cc(Br)c(O)c(Br)c1,392.25
C=C[Si](OCCOC)(OCCOC)OCCOC,377.95
Brc1cccc(I)c1,378.45
CCOc1ccc(N=[N+]([O-])c2ccc(OCC)cc2)cc1,493.05
CCCCCCCCCCCCCCCBr,406.85
CN1CCC(=C2c3ccccc3Sc3ccccc32)CC1,492.85
CC(Br)C(C)(Br)Br,350.35
CCCC(c1cc(C)cc(C)c1O)c1cc(C)cc(C)c1O,475.05
Oc1c(I)cc(Cl)c2cccnc12,438.85
Brc1cc(Br)cc(Br)c1,388.65
ClC(Cl)=C(c1ccc(Cl)cc1)c1ccccc1Cl,454.95
CN(C)c1ccc(C(c2ccccc2)c2ccc(N(C)C)cc2)cc1,487.75
CCCOP(=S)(OCCC)Oc1ccc(S(C)=O)cc1,486.85
COc1c(Br)cc(Br)cc1Br,394.65
Cc1cc(O)c(C(C)(C)C)cc1Sc1cc(C(C)(C)C)c(O)cc1C,488.15
O=Cc1cc(I)cc(I)c1O,411.15
CCCCCCCCOC(=O)c1ccccc1C(=O)OCCCCCCCC,495.45
FC(F)(Br)C(F)(F)C(F)(F)C(F)(F)C(F)(F)C(F)(F)Br,319.55
CC(C)C(=O)O,331.35
C=C(C)CCl,260.35
C1CCCCCC1,279.25
CC1CCCC(C)N1,284.15
CC(C)O,284.817
c1ccc(Nc2ccccc2)cc1,425.95
F[Si](F)(F)c1ccccc1,288.35
CCO[Si](Cl)(OCC)OCC,313.25
FC(F)(F)c1ccccc1,285.15
CC(C)=O,253.15
CC[SiH3],213.15
CN=C=S,305.35
CCO[N+](=O)[O-],283.15
Cc1ccsc1,284.15
C=C[Si](C)(C)C,253.15
CC(C)OCCC#N,341.45
CC(Cl)=CCCl,300.15
C[Si]1(C)CCCCO1,287.15
C=CCO[Si](C)(C)C,273.15
C[Si](C)(C)N=C=S,308.15
S=C=Nc1ccccc1,360.95
C=CC=CC[Si](C)(C)C,291.15
C[Si](C)(C)C1C=CCC1,299.15
C[Si](C)(C)[Si](C)(C)C,272.15
CCCCCCCCCl,343.15
C=CC[Si](C)(C)CCl,300.15
CC[Si](Cl)(CC)CC,303.15
CCO[Si](C)(C)CCl,299.15
C=CCC[SiH](Cl)Cl,300.15
CC[Si](Cl)(Cl)CC,300.15
CN(C)[SiH](N(C)C)N(C)C,298.15
C[Si](C)(C)CBr,289.15
C[Si](C)(C)S[Si](C)(C)C,299.15
C=C(Br)[Si](C)(C)C,288.15
CCCCI,306.15
C[Si](C)(C)OC(=O)C(F)(F)F,273.15
C[Si](C)(C)C#CCBr,335.15
CCCCCCCCBr,351.45
C=CC[Si](OCC)(OCC)OCC,320.15
Cl[SiH](Cl)CCc1ccccc1,365.15
Cl[Si](Cl)(Cl)CCCBr,361.15
C#CCCCCC#C,296.0
CCCCCCCCCc1ccccc1,390.0
C=C(C)C(C)C,255.0
CCCCCCCCCCCCCCCCCCC,441.0
ClCCCCCl,313.0
ClCC(Cl)Cl,305.0
CCCCCCCCCCS,371.0
Cc1cccc(I)c1,355.0
CN1CCCC1,255.0
CC(Cl)CO,325.0
Cc1ccccc1Cl,316.0
CNCCO,344.0
CCCC(C)S,282.0
C=CCI,291.0
C=CCN=C=S,319.0
ClCc1ccccc1,340.0
CCCCN=C=O,302.0
CCCCCCCCCCCCCCCCCCCC,442.0
CCN,256.0
COC(OC)OC,288.0
C[Si](C)(C)F,238.15
Cl[SiH](Cl)C1CCCC1,316.15
C[SiH](C)O[Si](C)(C)C,254.15
C=C[Si](C)(C)C=C,281.15
C[Si]1(C)O[Si](C)(C)O[Si](C)(C)O1,305.15
C=CC([SiH3])(C=C)C=C,288.15
CC(C)(C)O[Si](C)(C)C,287.15
C=C[Si](OCC)(OCC)OCC,307.15
C[Si](C)(C)O[Si](C)(C)O[Si](C)(C)O[Si](C)(C)C,335.15
C[Si]1(C)O[Si](C)(C)O[Si](C)(C)O[Si](C)(C)O[Si](C)(C)O[Si](C)(C)O1,366.15
N#CCCC[Si](Cl)(Cl)Cl,365.15
C[SiH](C)O[SiH](C)C,251.15
C=C[Si](C)(C)OCC,277.15
CO[Si](CCCCl)(OC)OC,348.15
C=C(C)O[Si](C)(C)C,272.15
C[Si](C)(C)CCOCCl,319.15
Cc1cccnc1N,384.15
CC(C)C(C)CCl,294.0
CC(C)CCCCl,298.2
CCCCC(CC)CCl,325.7
CCCCCCCCCCl,347.2
CC(C)CCCC(C)CCCl,346.9
CCCCCCCCCCCCCCl,387.0
CCCCCCCCCCCCCCCCl,403.8
CCCCCCCCCCCCCCCCCCCCCl,437.2
CC(C)C(C)Cl,278.6
CCCC(C)Cl,274.2
CC(Cl)C(C)(C)C,288.1
CC(Cl)CC(C)(C)C,302.9
CC(C)CCCC(C)Cl,322.0
CCCCCCC(C)Cl,325.7
CCCCCCC(Cl)CCCC,361.7
CCC(C)(C)Cl,276.5
CCC(C)(Cl)C(C)C,302.9
CCCCC(C)(C)Cl,306.7
CC(C)CCC(C)(C)Cl,316.7
CCCC(C)(Cl)CCC,320.3
CCC(Cl)(CC)C(C)(C)C,324.8
CCCCCCC(C)(C)Cl,333.1
CCCCC(C)(Cl)CCC,333.1
CCCCCCCCCCCCCCC(=O)O,454.0
COC=O,254.0
CC(C)(C)SSC(C)(C)C,337.1
CCC(C)(C)SC,302.0
CCSC(C)(C)C,282.0
CCc1ccccc1C(C)C,331.0
C=CCCCCCCCCCCCCCCCCCC,440.0
CCCCCCCCCCCCCCCCC(=O)O,469.0
CSSC,280.0
CCCCCCCCCCCCCCCCCCCCCCCCC,475.0
CCCCCCCCCCCCCCCCCCCCCCCC,475.0
C=C(CC)OC(C)=O,288.0
CC(=O)Cl,278.0
C=C(C)C(C)=O,294.1
O=[N+]([O-])c1ccc([N+](=O)[O-])cc1,433.0
CCOCCOCCOCC,355.1
OCCS,340.1
O=C(Cl)c1cccc(Cl)c1,372.0
CCCCSC,289.0
CC(Cl)C(C)Cl,291.1
CCC1(CC)CCCCC1,322.1
COC(=O)Cl,285.1
Clc1ccccc1Cl,339.0
CCCCCCCCCCCC(=O)O,437.0
CCCCC(CC)C(=O)O,383.1
C[Si](C)(Cl)Cl,257.15
C[Si](C)(Cl)O[Si](C)(C)Cl,288.15
C=CC[Si](C)(C)Cl,278.15
CCCC[Si](C)(Cl)Cl,303.15
CCC[Si](OC)(OC)OC,298.15
C[Si](C)(C)O[Si](C)(C)C,270.15
C=C[Si](C)(CC)CC,288.15
CO[Si](CC(C)C)(OC)OC,315.15
C[Si](C)(Cl)c1ccccc1,334.15
C=C[Si](OC(C)=O)(OC(C)=O)OC(C)=O,361.15
C=C[Si](CC)(CC)CC,298.15
CCCCCCCC[SiH3],309.15
CCO[Si](CCC#N)(OCC)OCC,359.15
CCC[Si](Cl)(CCC)CCC,349.15
CC(C)N(C(C)C)[Si](C)(C)C,301.15
C[Si](C)(C)O[Si](C)(C)O[Si](C)(C)O[Si](C)(C)Cl,347.15
c1ccc([SiH](c2ccccc2)c2ccccc2)cc1,416.35
CCCCC(CC)(CO)CO,386.0
CC(c1ccccc1)c1ccccc1,402.0
c1ccc(Cc2ccccc2)cc1,403.0
CCOC(=O)C(C)O,319.0
C=C(C)C(=O)OC,284.0
CCCCCCCCCCCCCCCCCC(=O)OC,388.0
